gene_symbol,full_gene_name,gene_aliases,candidate,structural,locus,inheritance_modes,classifications,first_described,hgnc_id,ensembl_gene_id,entrez_id,omim_gene,uniprot_id,refseq_accession,mane_select_refseq,mane_select_ensembl,coords_grch38,coords_grch37,clingen_url,clinvar_url,gnomad_url,panelapp_url,clingen_validity_url,clingen_classification,clingen_disease,clingen_mondo,clingen_dosage_url,clingen_hi,clingen_ts,genesis_discovery,gene_function,subtype_code,subtype_classification,subtype_inheritance,subtype_year,subtype_omim,subtype_doi,subtype_publication_title
AARS1,"alanyl-tRNA synthetase 1","AARS; AlaRS",0,0,16q22.1,AD,CMT2|dHMN/HMN,2009,HGNC:20,ENSG00000090861,16,601065,P49588,NM_001605,NM_001605.3,ENST00000261772.13,chr16:70251983-70289707,chr16:70286198-70323446,https://search.clinicalgenome.org/CCID:004002,https://www.ncbi.nlm.nih.gov/clinvar/?term=AARS1%5Bgene%5D%20AND%20%28%22clinsig%20pathogenic%22%5BProperties%5D%20OR%20%22clinsig%20likely%20pathogenic%22%5BProperties%5D%29,https://gnomad.broadinstitute.org/gene/ENSG00000090861,https://panelapp.genomicsengland.co.uk/panels/846/gene/AARS/,https://search.clinicalgenome.org/kb/gene-validity/CGGV:assertion_92de3832-c272-4993-8586-288c6331dec2-2024-03-14T160000.000Z,Definitive,"Charcot-Marie-Tooth disease axonal type 2N",MONDO:0013212,,,,1,"Catalyzes the attachment of alanine to tRNA(Ala) in a two-step reaction: alanine is first activated by ATP to form Ala-AMP and then transferred to the acceptor end of tRNA(Ala). Also edits incorrectly charged tRNA(Ala) via its editing domain. In presence of high levels of lactate, also acts as a protein lactyltransferase that mediates lactylation of lysine residues in target proteins, such as TEAD1, TP53/p53 and YAP1. Protein lactylation takes place in a two-step reaction: lactate is first activated by ATP to form lactate-AMP and then transferred to lysine residues of target proteins. Acts as an inhibitor of TP53/p53 activity by catalyzing lactylation of TP53/p53. Acts as a positive regulator of the Hippo pathway by mediating lactylation of TEAD1 and YAP1",CMT2N,CMT2,"autosomal dominant",2009,613287,https://doi.org/10.1016/j.ajhg.2009.12.005,"A Major Determinant for Binding and Aminoacylation of tRNA(Ala) in Cytoplasmic Alanyl-tRNA Synthetase is Mutated in Dominant Axonal Charcot-Marie-Tooth Disease"
AARS1,"alanyl-tRNA synthetase 1","AARS; AlaRS",0,0,16q22.1,AD,CMT2|dHMN/HMN,2009,HGNC:20,ENSG00000090861,16,601065,P49588,NM_001605,NM_001605.3,ENST00000261772.13,chr16:70251983-70289707,chr16:70286198-70323446,https://search.clinicalgenome.org/CCID:004002,https://www.ncbi.nlm.nih.gov/clinvar/?term=AARS1%5Bgene%5D%20AND%20%28%22clinsig%20pathogenic%22%5BProperties%5D%20OR%20%22clinsig%20likely%20pathogenic%22%5BProperties%5D%29,https://gnomad.broadinstitute.org/gene/ENSG00000090861,https://panelapp.genomicsengland.co.uk/panels/846/gene/AARS/,https://search.clinicalgenome.org/kb/gene-validity/CGGV:assertion_92de3832-c272-4993-8586-288c6331dec2-2024-03-14T160000.000Z,Definitive,"Charcot-Marie-Tooth disease axonal type 2N",MONDO:0013212,,,,1,"Catalyzes the attachment of alanine to tRNA(Ala) in a two-step reaction: alanine is first activated by ATP to form Ala-AMP and then transferred to the acceptor end of tRNA(Ala). Also edits incorrectly charged tRNA(Ala) via its editing domain. In presence of high levels of lactate, also acts as a protein lactyltransferase that mediates lactylation of lysine residues in target proteins, such as TEAD1, TP53/p53 and YAP1. Protein lactylation takes place in a two-step reaction: lactate is first activated by ATP to form lactate-AMP and then transferred to lysine residues of target proteins. Acts as an inhibitor of TP53/p53 activity by catalyzing lactylation of TP53/p53. Acts as a positive regulator of the Hippo pathway by mediating lactylation of TEAD1 and YAP1",dHMN-AARS1,dHMN/HMN,"autosomal dominant",2012,,https://doi.org/10.1212/WNL.0b013e3182574f8f,"Alanyl-tRNA Synthetase Mutation in a Family with Dominant Distal Hereditary Motor Neuropathy"
ABHD12,"abhydrolase domain containing 12, lysophospholipase",,0,0,20p11.21,AR,"Unclassified Subtypes",2010,HGNC:15868,ENSG00000100997,26090,613599,Q8N2K0,NM_015600,NM_001042472.3,ENST00000339157.10,chr20:25294742-25390922,chr20:25275379-25371619,,https://www.ncbi.nlm.nih.gov/clinvar/?term=ABHD12%5Bgene%5D%20AND%20%28%22clinsig%20pathogenic%22%5BProperties%5D%20OR%20%22clinsig%20likely%20pathogenic%22%5BProperties%5D%29,https://gnomad.broadinstitute.org/gene/ENSG00000100997,https://panelapp.genomicsengland.co.uk/panels/846/gene/ABHD12/,,,,,,,,0,"Lysophosphatidylserine (LPS) lipase that mediates the hydrolysis of lysophosphatidylserine, a class of signaling lipids that regulates immunological and neurological processes. Represents a major lysophosphatidylserine lipase in the brain, thereby playing a key role in the central nervous system (By similarity). Prefers as substrates lysophosphatidylserines having long and very long chain acyl chains. Also able to hydrolyze oxidized phosphatidylserine; oxidized phosphatidylserine is produced in response to severe inflammatory stress and constitutes a proapoptotic 'eat me' signal. Also has monoacylglycerol (MAG) lipase activity: hydrolyzes 2-arachidonoylglycerol (2-AG), thereby acting as a regulator of endocannabinoid signaling pathways. Has a strong preference for very-long-chain lipid substrates; substrate specificity is likely due to improved catalysis and not improved substrate binding",CMT-ABHD12,"Unclassified Subtypes","autosomal recessive",2010,612674,https://doi.org/10.1016/j.ajhg.2010.08.002,"Mutations in ABHD12 Cause the Neurodegenerative Disease PHARC: An Inborn Error of Endocannabinoid Metabolism"
ADCY6,"adenylate cyclase 6",,1,0,12q13.12,,Candidate,2021,HGNC:237,ENSG00000174233,112,600294,O43306,NM_020983,NM_015270.5,ENST00000357869.8,chr12:48766191-48789906,chr12:49159975-49182820,,https://www.ncbi.nlm.nih.gov/clinvar/?term=ADCY6%5Bgene%5D%20AND%20%28%22clinsig%20pathogenic%22%5BProperties%5D%20OR%20%22clinsig%20likely%20pathogenic%22%5BProperties%5D%29,https://gnomad.broadinstitute.org/gene/ENSG00000174233,https://panelapp.genomicsengland.co.uk/panels/846/gene/ADCY6/,,,,,,,,0,"Catalyzes the formation of the signaling molecule cAMP downstream of G protein-coupled receptors. Functions in signaling cascades downstream of beta-adrenergic receptors in the heart and in vascular smooth muscle cells. Functions in signaling cascades downstream of the vasopressin receptor in the kidney and has a role in renal water reabsorption. Functions in signaling cascades downstream of PTH1R and plays a role in regulating renal phosphate excretion. Functions in signaling cascades downstream of the VIP and SCT receptors in pancreas and contributes to the regulation of pancreatic amylase and fluid secretion (By similarity). Signaling mediates cAMP-dependent activation of protein kinase PKA. This promotes increased phosphorylation of various proteins, including AKT. Plays a role in regulating cardiac sarcoplasmic reticulum Ca(2+) uptake and storage, and is required for normal heart ventricular contractibility. May contribute to normal heart function (By similarity). Mediates vasodilatation after activation of beta-adrenergic receptors by isoproterenol. Contributes to bone cell responses to mechanical stimuli (By similarity)",ADCY6,Candidate,,2021,,,
AHNAK2,"AHNAK nucleoprotein 2",,1,0,14q32.33,,Candidate,2025,HGNC:20125,ENSG00000185567,113146,608570,Q8IVF2,NM_138420,NM_138420.4,ENST00000333244.6,chr14:104937244-104978374,chr14:105403581-105444694,,https://www.ncbi.nlm.nih.gov/clinvar/?term=AHNAK2%5Bgene%5D%20AND%20%28%22clinsig%20pathogenic%22%5BProperties%5D%20OR%20%22clinsig%20likely%20pathogenic%22%5BProperties%5D%29,https://gnomad.broadinstitute.org/gene/ENSG00000185567,,,,,,,,,0,,AHNAK2,Candidate,,2025,,,
AIFM1,"apoptosis inducing factor mitochondria associated 1","PDCD8; NAMSD; AUNX1; AIF",0,0,Xq26.1,XLR,CMTX,2012,HGNC:8768,ENSG00000156709,9131,300169,O95831,NM_001130846,NM_004208.4,ENST00000287295.8,chrX:130124666-130165884,chrX:129263337-129299861,,https://www.ncbi.nlm.nih.gov/clinvar/?term=AIFM1%5Bgene%5D%20AND%20%28%22clinsig%20pathogenic%22%5BProperties%5D%20OR%20%22clinsig%20likely%20pathogenic%22%5BProperties%5D%29,https://gnomad.broadinstitute.org/gene/ENSG00000156709,https://panelapp.genomicsengland.co.uk/panels/846/gene/AIFM1/,,,,,,,,0,"Functions both as NADH oxidoreductase and as regulator of apoptosis. In response to apoptotic stimuli, it is released from the mitochondrion intermembrane space into the cytosol and to the nucleus, where it functions as a proapoptotic factor in a caspase-independent pathway. Release into the cytoplasm is mediated upon binding to poly-ADP-ribose chains (By similarity). The soluble form (AIFsol) found in the nucleus induces 'parthanatos' i.e. caspase-independent fragmentation of chromosomal DNA. Binds to DNA in a sequence-independent manner. Interacts with EIF3G, and thereby inhibits the EIF3 machinery and protein synthesis, and activates caspase-7 to amplify apoptosis. Plays a critical role in caspase-independent, pyknotic cell death in hydrogen peroxide-exposed cells. In contrast, participates in normal mitochondrial metabolism. Plays an important role in the regulation of respiratory chain biogenesis by interacting with CHCHD4 and controlling CHCHD4 mitochondrial import",CMTX4,CMTX,"X-linked recessive",2012,310940,https://doi.org/10.1016/j.ajhg.2012.10.008,"Cowchock Syndrome is Associated with a Mutation in Apoptosis-Inducing Factor"
ARHGEF10,"Rho guanine nucleotide exchange factor 10",,0,0,8p23.3,AD,"Unclassified Subtypes",2003,HGNC:14103,ENSG00000104728,9639,608136,O15013,NM_001308152,NM_014629.4,ENST00000349830.8,chr8:1823332-1958642,chr8:1772142-1906807,https://search.clinicalgenome.org/CCID:004165,https://www.ncbi.nlm.nih.gov/clinvar/?term=ARHGEF10%5Bgene%5D%20AND%20%28%22clinsig%20pathogenic%22%5BProperties%5D%20OR%20%22clinsig%20likely%20pathogenic%22%5BProperties%5D%29,https://gnomad.broadinstitute.org/gene/ENSG00000104728,https://panelapp.genomicsengland.co.uk/panels/846/gene/ARHGEF10/,https://search.clinicalgenome.org/kb/gene-validity/CGGV:assertion_b23121f9-57e1-48ac-a2bc-d5a293829530-2026-08-08T160000.000Z,Limited,"autosomal dominant slowed nerve conduction velocity",MONDO:0011998,,,,0,"May play a role in developmental myelination of peripheral nerves",CMT-ARHGEF10,"Unclassified Subtypes","autosomal dominant",2003,608236,https://doi.org/10.1086/378159,"Slowed Conduction and Thin Myelination of Peripheral Nerves Associated with Mutant Rho Guanine-Nucleotide Exchange Factor 10."
ARPC3,"actin related protein 2/3 complex subunit 3",,1,0,12q24.11,,Candidate,2025,HGNC:706,ENSG00000111229,10094,604225,O15145,NM_001278556,NM_001278556.2,ENST00000228825.12,chr12:110434436-110450422,chr12:110872630-110888227,,https://www.ncbi.nlm.nih.gov/clinvar/?term=ARPC3%5Bgene%5D%20AND%20%28%22clinsig%20pathogenic%22%5BProperties%5D%20OR%20%22clinsig%20likely%20pathogenic%22%5BProperties%5D%29,https://gnomad.broadinstitute.org/gene/ENSG00000111229,,,,,,,,,0,"Component of the Arp2/3 complex, a multiprotein complex that mediates actin polymerization upon stimulation by nucleation-promoting factor (NPF). The Arp2/3 complex mediates the formation of branched actin networks in the cytoplasm, providing the force for cell motility. In addition to its role in the cytoplasmic cytoskeleton, the Arp2/3 complex also promotes actin polymerization in the nucleus, thereby regulating gene transcription and repair of damaged DNA. The Arp2/3 complex promotes homologous recombination (HR) repair in response to DNA damage by promoting nuclear actin polymerization, leading to drive motility of double-strand breaks (DSBs)",ARPC3,Candidate,,2025,,,
ATL1,"atlastin GTPase 1",,0,0,14q22.1,AD,HSN,2011,HGNC:11231,ENSG00000198513,51062,606439,Q8WXF7,NM_001127713,NM_015915.5,ENST00000358385.12,chr14:50532509-50634017,chr14:50999227-51099786,https://search.clinicalgenome.org/CCID:004200,https://www.ncbi.nlm.nih.gov/clinvar/?term=ATL1%5Bgene%5D%20AND%20%28%22clinsig%20pathogenic%22%5BProperties%5D%20OR%20%22clinsig%20likely%20pathogenic%22%5BProperties%5D%29,https://gnomad.broadinstitute.org/gene/ENSG00000198513,https://panelapp.genomicsengland.co.uk/panels/846/gene/ATL1/,https://search.clinicalgenome.org/kb/gene-validity/CGGV:assertion_0c0282d1-5ab4-4a86-b1f6-165a3dbd515a-2022-02-10T020857.711Z,Definitive,"neuropathy, hereditary sensory, type 1D",MONDO:0013381,,,,0,"Atlastin-1 (ATL1) is a membrane-anchored GTPase that mediates the GTP-dependent fusion of endoplasmic reticulum (ER) membranes, maintaining the continuous ER network. It facilitates the formation of three-way junctions where ER tubules intersect. Two atlastin-1 on neighboring ER tubules bind GTP and form loose homodimers through the GB1/RHD3-type G domains and 3HB regions. Upon GTP hydrolysis, the 3HB regions tighten, pulling the membranes together to drive their fusion. After fusion, the homodimer disassembles upon release of inorganic phosphate (Pi). Subsequently, GDP dissociates, resetting the monomers to a conformation ready for a new fusion cycle. May also regulate more or less directly Golgi biogenesis. Indirectly regulates axonal development (By similarity)",HSN-1D,HSN,"autosomal dominant",2011,613708,https://doi.org/10.1016/j.ajhg.2010.12.003,"Targeted High-Throughput Sequencing Identifies Mutations in Atlastin-1 as a Cause of Hereditary Sensory Neuropathy Type I"
ATL3,"atlastin GTPase 3",,0,0,11q13.1,AD,HSN,2014,HGNC:24526,ENSG00000184743,25923,609369,Q6DD88,NM_015459,NM_015459.5,ENST00000398868.8,chr11:63624087-63671921,chr11:63391559-63439393,https://search.clinicalgenome.org/CCID:004201,https://www.ncbi.nlm.nih.gov/clinvar/?term=ATL3%5Bgene%5D%20AND%20%28%22clinsig%20pathogenic%22%5BProperties%5D%20OR%20%22clinsig%20likely%20pathogenic%22%5BProperties%5D%29,https://gnomad.broadinstitute.org/gene/ENSG00000184743,https://panelapp.genomicsengland.co.uk/panels/846/gene/ATL3/,https://search.clinicalgenome.org/kb/gene-validity/CGGV:assertion_132d0be7-2003-43ed-a934-1cf60cf45773-2026-07-29T160000.000Z,Moderate,"neuropathy, hereditary sensory, type 1F",MONDO:0014286,,,,0,"Atlastin-3 (ATL3) is a membrane-anchored GTPase that mediates the GTP-dependent fusion of endoplasmic reticulum (ER) membranes, maintaining the continuous ER network. It facilitates the formation of three-way junctions where ER tubules intersect. Two atlastin-3 on neighboring ER tubules bind GTP and form loose homodimers through the GB1/RHD3-type G domains and 3HB regions. Upon GTP hydrolysis, the 3HB regions tighten, pulling the membranes together to drive their fusion. After fusion, the homodimer disassembles upon release of inorganic phosphate (Pi). Subsequently, GDP dissociates, resetting the monomers to a conformation ready for a new fusion cycle (By similarity)",HSN-1F,HSN,"autosomal dominant",2014,615632,https://doi.org/10.1093/brain/awt357,"Sensory Neuropathy with Bone Destruction Due to a Mutation in the Membrane-Shaping Atlastin GTPase"
ATP1A1,"ATPase Na+/K+ transporting subunit alpha 1","ATPase; Na+/K+ Transporting; Alpha 1 Polypeptide",0,0,1p13.1,AD,CMT2,2018,HGNC:799,ENSG00000163399,476,182310,P05023,NM_001160233,NM_000701.8,ENST00000295598.10,chr1:116372668-116410261,chr1:116915290-116952883,https://search.clinicalgenome.org/CCID:004208,https://www.ncbi.nlm.nih.gov/clinvar/?term=ATP1A1%5Bgene%5D%20AND%20%28%22clinsig%20pathogenic%22%5BProperties%5D%20OR%20%22clinsig%20likely%20pathogenic%22%5BProperties%5D%29,https://gnomad.broadinstitute.org/gene/ENSG00000163399,https://panelapp.genomicsengland.co.uk/panels/846/gene/ATP1A1/,https://search.clinicalgenome.org/kb/gene-validity/CGGV:assertion_65182954-6603-4880-85fa-352700bd784b-2026-07-29T160000.000Z,Definitive,"Charcot-Marie-tooth disease, axonal, type 2DD",MONDO:0054833,,,,1,"Catalytic subunit of the Na(+)/K(+)-ATPase pump that hydrolyzes ATP to exchange ions across the plasma membrane, exporting 3 Na(+) and importing 2 K(+) per cycle against electrochemical gradients. It undergoes ATP-driven conformational changes that allow alternating binding and release of Na(+) and K(+) ions across the membrane. This process maintains essential Na(+) and K(+) gradients for membrane potential and cellular function. Could also be part of an osmosensory signaling pathway that senses body-fluid sodium levels and controls salt intake behavior as well as voluntary water intake to regulate sodium homeostasis (By similarity)",CMT2DD,CMT2,"autosomal dominant",2018,618036,https://doi.org/10.1016/j.ajhg.2018.01.023,"Mutations in ATP1A1 Cause Dominant Charcot-Marie-Tooth Type 2"
ATP7A,"ATPase copper transporting alpha",,0,0,Xq21.1,XLR,dSMA,2010,HGNC:869,ENSG00000165240,538,300011,Q04656,NM_000052,NM_000052.7,ENST00000341514.11,chrX:77910688-78050395,chrX:77166194-77305892,https://search.clinicalgenome.org/CCID:004216,https://www.ncbi.nlm.nih.gov/clinvar/?term=ATP7A%5Bgene%5D%20AND%20%28%22clinsig%20pathogenic%22%5BProperties%5D%20OR%20%22clinsig%20likely%20pathogenic%22%5BProperties%5D%29,https://gnomad.broadinstitute.org/gene/ENSG00000165240,https://panelapp.genomicsengland.co.uk/panels/846/gene/ATP7A/,https://search.clinicalgenome.org/kb/gene-validity/CGGV:assertion_ec7c42f3-3cad-4020-aa75-cf103c5381ba-2026-07-29T160000.000Z,Moderate,"X-linked distal spinal muscular atrophy type 3",MONDO:0010338,https://dosage.clinicalgenome.org/clingen_gene.cgi?sym=ATP7A,3,,0,"ATP-driven copper (Cu(+)) ion pump that plays an important role in intracellular copper ion homeostasis. Within a catalytic cycle, acquires Cu(+) ion from donor protein on the cytoplasmic side of the membrane and delivers it to acceptor protein on the lumenal side. The transfer of Cu(+) ion across the membrane is coupled to ATP hydrolysis and is associated with a transient phosphorylation that shifts the pump conformation from inward-facing to outward-facing state. Under physiological conditions, at low cytosolic copper concentration, it is localized at the trans-Golgi network (TGN) where it transfers Cu(+) ions to cuproenzymes of the secretory pathway. Upon elevated cytosolic copper concentrations, it relocalizes to the plasma membrane where it is responsible for the export of excess Cu(+) ions. May play a dual role in neuron function and survival by regulating cooper efflux and neuronal transmission at the synapse as well as by supplying Cu(+) ions to enzymes such as PAM, TYR and SOD3 (By similarity). In the melanosomes of pigmented cells, provides copper cofactor to TYR to form an active TYR holoenzyme for melanin biosynthesis (By similarity)",dSMAX-3,dSMA,"X-linked recessive",2010,300489,https://doi.org/10.1016/j.ajhg.2010.01.027,"Missense Mutations in the Copper Transporter Gene ATP7A Cause X-Linked Distal Hereditary Motor Neuropathy"
BAG3,"BAG cochaperone 3","BCL2 Associated Athanogene 3; BAG Family Molecular Chaperone Regulator 3",0,0,10q26.11,AD,CMT2,2018,HGNC:939,ENSG00000151929,9531,603883,O95817,NM_004281,NM_004281.4,ENST00000369085.8,chr10:119650879-119677913,chr10:121410882-121437331,,https://www.ncbi.nlm.nih.gov/clinvar/?term=BAG3%5Bgene%5D%20AND%20%28%22clinsig%20pathogenic%22%5BProperties%5D%20OR%20%22clinsig%20likely%20pathogenic%22%5BProperties%5D%29,https://gnomad.broadinstitute.org/gene/ENSG00000151929,https://panelapp.genomicsengland.co.uk/panels/846/gene/BAG3/,,,,,https://dosage.clinicalgenome.org/clingen_gene.cgi?sym=BAG3,3,,1,"Co-chaperone and adapter protein that connects different classes of molecular chaperones including heat shock proteins 70 (HSP70s), e.g. HSPA1A/HSP70 or HSPA8/HSC70, and small heat shock proteins (sHSPs), e.g. HSPB8. Acts as a nucleotide-exchange factor (NEF) promoting the release of ADP from HSP70s, thereby triggering client protein release. Nucleotide release is mediated via BAG3 binding to the nucleotide-binding domain (NBD) of HSP70s, whereas client release is mediated via binding to the substrate-binding domain (SBD). Has anti-apoptotic activity. Plays a role in the HSF1 nucleocytoplasmic transport",CMT2JJ,CMT2,"autosomal dominant",2018,621095,https://doi.org/10.1136/jnnp-2017-315929,"Mutations in BAG3 Cause Adult-Onset Charcot-Marie-Tooth Disease"
BICD2,"BICD cargo adaptor 2",,0,0,9q22.31,AD,SMA-LEP,2013,HGNC:17208,ENSG00000185963,23299,609797,Q8TD16,NM_015250,NM_001003800.2,ENST00000356884.11,chr9:92711363-92764866,chr9:95473645-95527094,,https://www.ncbi.nlm.nih.gov/clinvar/?term=BICD2%5Bgene%5D%20AND%20%28%22clinsig%20pathogenic%22%5BProperties%5D%20OR%20%22clinsig%20likely%20pathogenic%22%5BProperties%5D%29,https://gnomad.broadinstitute.org/gene/ENSG00000185963,https://panelapp.genomicsengland.co.uk/panels/846/gene/BICD2/,,,,,,,,1,"Acts as an adapter protein linking the dynein motor complex to various cargos and converts dynein from a non-processive to a highly processive motor in the presence of dynactin. Facilitates and stabilizes the interaction between dynein and dynactin and activates dynein processivity (the ability to move along a microtubule for a long distance without falling off the track). Facilitates the binding of RAB6A to the Golgi by stabilizing its GTP-bound form. Regulates coat complex coatomer protein I (COPI)-independent Golgi-endoplasmic reticulum transport via its interaction with RAB6A and recruitment of the dynein-dynactin motor complex. Contributes to nuclear and centrosomal positioning prior to mitotic entry through regulation of both dynein and kinesin-1. During G2 phase of the cell cycle, associates with RANBP2 at the nuclear pores and recruits dynein and dynactin to the nuclear envelope to ensure proper positioning of the nucleus relative to centrosomes prior to the onset of mitosis (By similarity)",SMA-LEP-2A,SMA-LEP,"autosomal dominant",2013,615290,https://doi.org/10.1016/j.ajhg.2013.04.011,"Mutations in BICD2, which Encodes a Golgin and Important Motor Adaptor, Cause Congenital Autosomal-Dominant Spinal Muscular Atrophy"
BICD2,"BICD cargo adaptor 2",,0,0,9q22.31,AD,SMA-LEP,2013,HGNC:17208,ENSG00000185963,23299,609797,Q8TD16,NM_015250,NM_001003800.2,ENST00000356884.11,chr9:92711363-92764866,chr9:95473645-95527094,,https://www.ncbi.nlm.nih.gov/clinvar/?term=BICD2%5Bgene%5D%20AND%20%28%22clinsig%20pathogenic%22%5BProperties%5D%20OR%20%22clinsig%20likely%20pathogenic%22%5BProperties%5D%29,https://gnomad.broadinstitute.org/gene/ENSG00000185963,https://panelapp.genomicsengland.co.uk/panels/846/gene/BICD2/,,,,,,,,1,"Acts as an adapter protein linking the dynein motor complex to various cargos and converts dynein from a non-processive to a highly processive motor in the presence of dynactin. Facilitates and stabilizes the interaction between dynein and dynactin and activates dynein processivity (the ability to move along a microtubule for a long distance without falling off the track). Facilitates the binding of RAB6A to the Golgi by stabilizing its GTP-bound form. Regulates coat complex coatomer protein I (COPI)-independent Golgi-endoplasmic reticulum transport via its interaction with RAB6A and recruitment of the dynein-dynactin motor complex. Contributes to nuclear and centrosomal positioning prior to mitotic entry through regulation of both dynein and kinesin-1. During G2 phase of the cell cycle, associates with RANBP2 at the nuclear pores and recruits dynein and dynactin to the nuclear envelope to ensure proper positioning of the nucleus relative to centrosomes prior to the onset of mitosis (By similarity)",SMA-LEP-2B,SMA-LEP,"autosomal dominant",2018,618291,https://doi.org/10.1101/mcs.a003160,"In-frame De novo Mutation in BICD2 in Two Patients with Muscular Atrophy and Arthrogryposis"
BSCL2,"BSCL2 lipid droplet biogenesis associated, seipin",,0,0,11q12.3,AD,dHMN/HMN,2004,HGNC:15832,ENSG00000168000,26580,606158,Q96G97,NM_032667,NM_001122955.4,ENST00000360796.10,chr11:62689289-62709861,chr11:62457747-62477317,https://search.clinicalgenome.org/CCID:004292,https://www.ncbi.nlm.nih.gov/clinvar/?term=BSCL2%5Bgene%5D%20AND%20%28%22clinsig%20pathogenic%22%5BProperties%5D%20OR%20%22clinsig%20likely%20pathogenic%22%5BProperties%5D%29,https://gnomad.broadinstitute.org/gene/ENSG00000168000,https://panelapp.genomicsengland.co.uk/panels/846/gene/BSCL2/,https://search.clinicalgenome.org/kb/gene-validity/CGGV:assertion_02472719-c26d-40ff-8ad4-897ef7a6800a-2022-09-23T160000.000Z,Definitive,"distal hereditary motor neuropathy",MONDO:0018894,,,,0,"Mediates the formation of lipid droplets during the differentiation and maturation of adipocytes. Together with LDAF1, defines the sites of lipid droplet formation in the endoplasmic reticulum and promotes the aggregation of triacylglycerol molecules to form the core of a lipid droplet (nucleation) in the endoplasmic reticulum and drive budding of lipid droplets into the cytoplasm. BSCL2 and LDAF1 also regulate protein and lipid delivery from the endoplasmic reticulum into growing lipid droplets. During early adipogenesis, BSCL2 inhibits GPAT3 and GPAT4 activity, thereby preventing phosphatidic acid accumulation that could antagonize PPARG and block differentiation (By similarity). This inhibition is then relieved by ADIG during adipocyte maturation, allowing expansion of lipid droplets (By similarity). Regulates the maturation of ZFYVE1-positive nascent lipid droplets and the function of the RAB18-ZFYVE1 complex in mediating the formation of endoplasmic reticulum-lipid droplet contacts. Binds anionic phospholipids including phosphatidic acid",dHMN-5C,dHMN/HMN,"autosomal dominant",2004,619112,https://doi.org/10.1038/ng1313,"Heterozygous Missense Mutations in BSCL2 are Associated with Distal Hereditary Motor Neuropathy and Silver syndrome"
C19ORF12,"chromosome 19 open reading frame 12",,0,0,19q12,AR,"Unclassified Subtypes",2013,HGNC:25443,ENSG00000131943,83636,614297,Q9NSK7,NM_031448,NM_031448.6,ENST00000323670.14,chr19:29691270-29716060,chr19:30191721-30206364,,https://www.ncbi.nlm.nih.gov/clinvar/?term=C19ORF12%5Bgene%5D%20AND%20%28%22clinsig%20pathogenic%22%5BProperties%5D%20OR%20%22clinsig%20likely%20pathogenic%22%5BProperties%5D%29,https://gnomad.broadinstitute.org/gene/ENSG00000131943,https://panelapp.genomicsengland.co.uk/panels/846/gene/C19ORF12/,,,,,,,,1,"Adipocyte protein localized at lipid droplet-mitochondria contact sites that governs lipid storage through regulation of mitochondrial fatty acid metabolism",CMT-C19ORF12,"Unclassified Subtypes","autosomal recessive",2013,,https://doi.org/10.1002/humu.22378,"Hereditary Spastic Paraplegia Type 43 (SPG43) is Caused by Mutation in C19orf12"
CADM3,"cell adhesion molecule 3","IGSF4B; BIgR; FLJ10698; TSLL1; NECL1; SynCAM3; Necl-1",0,0,1q23.2,AD,CMT2,2021,HGNC:17601,ENSG00000162706,57863,609743,Q8N126,NM_021189,NM_001127173.3,ENST00000368125.9,chr1:159171574-159203313,chr1:159141399-159173103,https://search.clinicalgenome.org/CCID:009251,https://www.ncbi.nlm.nih.gov/clinvar/?term=CADM3%5Bgene%5D%20AND%20%28%22clinsig%20pathogenic%22%5BProperties%5D%20OR%20%22clinsig%20likely%20pathogenic%22%5BProperties%5D%29,https://gnomad.broadinstitute.org/gene/ENSG00000162706,https://panelapp.genomicsengland.co.uk/panels/846/gene/CADM3/,https://search.clinicalgenome.org/kb/gene-validity/CGGV:assertion_bbe432b5-d085-4f99-91f9-a92f250dbf1b-2026-03-31T160000.000Z,Moderate,"Charcot-Marie-Tooth disease, axonal, type 2FF",MONDO:0030433,,,,1,"Involved in cell-cell adhesion. Has both calcium-independent homophilic cell-cell adhesion activity and calcium-independent heterophilic cell-cell adhesion activity with IGSF4, NECTIN1 and NECTIN3. Interaction with EPB41L1 may regulate structure or function of cell-cell junctions (By similarity)",CMT2FF,CMT2,"autosomal dominant",2021,619519,https://doi.org/10.1093/brain/awab019,"A CADM3 Variant Causes Charcot-Marie-Tooth Disease with Marked Upper Limb Involvement"
CCT5,"chaperonin containing TCP1 subunit 5","CCTE; KIAA0098",0,0,5p15.2,AR,HSN,2006,HGNC:1618,ENSG00000150753,22948,610150,P48643,NM_001306153,NM_012073.5,ENST00000280326.9,chr5:10249929-10266389,chr5:10250033-10266524,,https://www.ncbi.nlm.nih.gov/clinvar/?term=CCT5%5Bgene%5D%20AND%20%28%22clinsig%20pathogenic%22%5BProperties%5D%20OR%20%22clinsig%20likely%20pathogenic%22%5BProperties%5D%29,https://gnomad.broadinstitute.org/gene/ENSG00000150753,https://panelapp.genomicsengland.co.uk/panels/846/gene/CCT5/,,,,,,,,0,"Component of the chaperonin-containing T-complex (TRiC), a molecular chaperone complex that assists the folding of actin, tubulin and other proteins upon ATP hydrolysis. The TRiC complex mediates the folding of WRAP53/TCAB1, thereby regulating telomere maintenance. As part of the TRiC complex may play a role in the assembly of BBSome, a complex involved in ciliogenesis regulating transports vesicles to the cilia","HSN w/SPG",HSN,"autosomal recessive",2006,256840,https://doi.org/10.1038/sj.ejhg.5201537,"Autosomal recessive mutilating sensory neuropathy with spastic paraplegia maps to chromosome 5p15.31-14.1"
CFAP276,"cilia and flagella associated protein 276",C1ORF194,0,0,1p13.3,AD,"Unclassified Subtypes",2019,HGNC:32331,ENSG00000179902,127003,618682,Q5T5A4,NM_001122961,NM_001245025.3,ENST00000369948.8,chr1:109105951-109113857,,,https://www.ncbi.nlm.nih.gov/clinvar/?term=CFAP276%5Bgene%5D%20AND%20%28%22clinsig%20pathogenic%22%5BProperties%5D%20OR%20%22clinsig%20likely%20pathogenic%22%5BProperties%5D%29,https://gnomad.broadinstitute.org/gene/ENSG00000179902,,,,,,,,,0,"Microtubule inner protein (MIP) part of the dynein-decorated doublet microtubules (DMTs) in cilia axoneme, which is required for motile cilia beating. May play an important role for the maintenance of myelin-axon integrity (By similarity). May affect intracellular Ca(2+) homeostasis",CMT-CFAP276,"Unclassified Subtypes","autosomal dominant",2019,,https://doi.org/10.1093/brain/awz151,"Mutations in C1orf194, Encoding a Calcium Regulator, Cause Dominant Charcot-Marie-Tooth Disease"
CHCHD10,"coiled-coil-helix-coiled-coil-helix domain containing 10",,0,0,22q11.23,AD,"Unclassified Subtypes",2015,HGNC:15559,ENSG00000250479,400916,615903,Q8WYQ3,NM_213720,NM_213720.3,ENST00000484558.3,chr22:23765834-23767982,chr22:24108021-24110630,,https://www.ncbi.nlm.nih.gov/clinvar/?term=CHCHD10%5Bgene%5D%20AND%20%28%22clinsig%20pathogenic%22%5BProperties%5D%20OR%20%22clinsig%20likely%20pathogenic%22%5BProperties%5D%29,https://gnomad.broadinstitute.org/gene/ENSG00000250479,https://panelapp.genomicsengland.co.uk/panels/846/gene/CHCHD10/,,,,,,,,0,"May be involved in the maintenance of mitochondrial organization and mitochondrial cristae structure",CMT-CHCHD10,"Unclassified Subtypes","autosomal dominant",2015,,https://doi.org/10.1212/NXG.0000000000000003,"CHCHD10 Variant p.(Gly66Val) Causes Axonal Charcot-Marie-Tooth Disease"
CLTCL1,"clathrin heavy chain like 1",,1,0,22q11.21,,Candidate,2021,HGNC:2093,ENSG00000070371,8218,601273,P53675,NM_007098,NM_007098.4,ENST00000427926.6,chr22:19179319-19291774,chr22:19166986-19279239,,https://www.ncbi.nlm.nih.gov/clinvar/?term=CLTCL1%5Bgene%5D%20AND%20%28%22clinsig%20pathogenic%22%5BProperties%5D%20OR%20%22clinsig%20likely%20pathogenic%22%5BProperties%5D%29,https://gnomad.broadinstitute.org/gene/ENSG00000070371,https://panelapp.genomicsengland.co.uk/panels/846/gene/CLTCL1/,,,,,,,,0,"Clathrin is the major protein of the polyhedral coat of coated pits and vesicles. Two different adapter protein complexes link the clathrin lattice either to the plasma membrane or to the trans-Golgi network (By similarity)",CLTCL1,Candidate,,2021,,,
ins(X;8)(q27.1;q24.3),"78 kb Interchromosomal Insertion at Xq27.1",,0,1,Xq27.1,XLR,CMTX,2016,,,,"No Entry",,,,,,,,https://www.ncbi.nlm.nih.gov/clinvar/?term=ins%28X%3B8%29%28q27.1%3Bq24.3%29%5Bgene%5D%20AND%20%28%22clinsig%20pathogenic%22%5BProperties%5D%20OR%20%22clinsig%20likely%20pathogenic%22%5BProperties%5D%29,,,,,,,,,,0,,CMTX3,CMTX,"X-linked recessive",2016,302802,https://doi.org/10.1371/journal.pgen.1006177,"Whole Genome Sequencing Identifies a 78 kb Insertion from Chromosome 8 as the Cause of Charcot-Marie-Tooth Neuropathy CMTX3"
CNTNAP1,"contactin associated protein 1",CASPR,0,0,17q21.2,AR,"Unclassified Subtypes",2019,HGNC:8011,ENSG00000108797,8506,602346,P78357,NM_003632,NM_003632.3,ENST00000264638.9,chr17:42682368-42699993,chr17:40834631-40851832,,https://www.ncbi.nlm.nih.gov/clinvar/?term=CNTNAP1%5Bgene%5D%20AND%20%28%22clinsig%20pathogenic%22%5BProperties%5D%20OR%20%22clinsig%20likely%20pathogenic%22%5BProperties%5D%29,https://gnomad.broadinstitute.org/gene/ENSG00000108797,https://panelapp.genomicsengland.co.uk/panels/846/gene/CNTNAP1/,,,,,,,,1,"Required, with CNTNAP2, for radial and longitudinal organization of myelinated axons. Plays a role in the formation of functional distinct domains critical for saltatory conduction of nerve impulses in myelinated nerve fibers. Demarcates the paranodal region of the axo-glial junction. In association with contactin involved in the signaling between axons and myelinating glial cells",CMT-CNTNAP1,"Unclassified Subtypes","autosomal recessive",2019,618186,https://doi.org/10.1002/mus.26658,"CNTNAP1 Mutations in an Adult with Charcot Marie Tooth Disease"
COA3,"cytochrome c oxidase assembly factor 3",,1,0,17q21.2,,Candidate,2024,HGNC:24990,ENSG00000183978,28958,614775,Q9Y2R0,NM_014019,NM_001040431.3,ENST00000328434.8,chr17:42793154-42798719,chr17:40947165-40950722,,https://www.ncbi.nlm.nih.gov/clinvar/?term=COA3%5Bgene%5D%20AND%20%28%22clinsig%20pathogenic%22%5BProperties%5D%20OR%20%22clinsig%20likely%20pathogenic%22%5BProperties%5D%29,https://gnomad.broadinstitute.org/gene/ENSG00000183978,,,,,,,,,0,"Core component of the MITRAC (mitochondrial translation regulation assembly intermediate of cytochrome c oxidase complex) complex, that regulates cytochrome c oxidase assembly. MITRAC complexes regulate both translation of mitochondrial encoded components and assembly of nuclear-encoded components imported in mitochondrion. Required for efficient translation of MT-CO1 and mitochondrial respiratory chain complex IV assembly",COA3,Candidate,,2024,,,
COA7,"cytochrome c oxidase assembly factor 7",,0,0,1p32.3,AR,"Unclassified Subtypes",2018,HGNC:25716,ENSG00000162377,65260,615623,Q96BR5,NM_023077,NM_023077.3,ENST00000371538.5,chr1:52662885-52698369,,,https://www.ncbi.nlm.nih.gov/clinvar/?term=COA7%5Bgene%5D%20AND%20%28%22clinsig%20pathogenic%22%5BProperties%5D%20OR%20%22clinsig%20likely%20pathogenic%22%5BProperties%5D%29,https://gnomad.broadinstitute.org/gene/ENSG00000162377,https://panelapp.genomicsengland.co.uk/panels/846/gene/COA7/,,,,,,,,0,"Required for assembly of mitochondrial respiratory chain complex I and complex IV",CMT-COA7,"Unclassified Subtypes","autosomal recessive",2018,618387,https://doi.org/10.1093/brain/awy104,"Mutations in COA7 Cause Spinocerebellar Ataxia with Axonal Neuropathy."
COL6A5,"collagen type VI alpha 5 chain",,1,0,3q22.1,,Candidate,2021,HGNC:26674,ENSG00000172752,256076,611916,A8TX70,NM_153264,NM_001278298.2,ENST00000373157.9,chr3:130345516-130484846,chr3:130064359-130203688,,https://www.ncbi.nlm.nih.gov/clinvar/?term=COL6A5%5Bgene%5D%20AND%20%28%22clinsig%20pathogenic%22%5BProperties%5D%20OR%20%22clinsig%20likely%20pathogenic%22%5BProperties%5D%29,https://gnomad.broadinstitute.org/gene/ENSG00000172752,,,,,,,,,0,"Collagen VI acts as a cell-binding protein",COL6A5,Candidate,,2021,,,
COQ7,"coenzyme Q7, hydroxylase",CLK1,0,0,16p12.3,AR,dHMN/HMN,2023,HGNC:2244,ENSG00000167186,10229,601683,Q99807,NM_016138,NM_016138.5,ENST00000321998.10,chr16:19067564-19082190,chr16:19078921-19091417,https://search.clinicalgenome.org/CCID:009252,https://www.ncbi.nlm.nih.gov/clinvar/?term=COQ7%5Bgene%5D%20AND%20%28%22clinsig%20pathogenic%22%5BProperties%5D%20OR%20%22clinsig%20likely%20pathogenic%22%5BProperties%5D%29,https://gnomad.broadinstitute.org/gene/ENSG00000167186,https://panelapp.genomicsengland.co.uk/panels/846/gene/COQ7/,https://search.clinicalgenome.org/kb/gene-validity/CGGV:assertion_ef344e96-e52f-4c03-90bd-d78de5613ec7-2026-03-31T160000.000Z,Strong,"distal hereditary motor neuropathy",MONDO:0018894,,,,0,"Catalyzes the hydroxylation of the 5-methoxy-2-methyl-3-(all-trans-polyprenyl)benzoquinone at the C6 position and participates in the biosynthesis of ubiquinone (Probable). Catalyzes the reaction through a substrate-mediated reduction pathway, whereby NADH shuttles electrons to 5-methoxy-2-methyl-3-(all-trans-decaprenyl)benzoquinone, which then transfers the electrons to the two Fe(3+) centers. The binding of 5-methoxy-2-methyl-3-(all-trans-polyprenyl)benzoquinone (DMQn) mediates reduction of the diiron center by nicotinamide adenine dinucleotide (NADH) and initiates oxygen activation for subsequent DMQ hydroxylation. The physiological substrates are 5-methoxy-2-methyl-3-(all-trans-nonaprenyl)benzoquinone (DMQ(9)) and 5-methoxy-2-methyl-3-(all-trans-decaprenyl)benzoquinone (DMQ(10)), however in vitro the enzyme does not have any specificity concerning the length of the polyprenyl tail, and accepts tails of various lengths with similar efficiency. Also has a structural role in the COQ enzyme complex, stabilizing other COQ polypeptides. Involved in lifespan determination in a ubiquinone-independent manner (By similarity). Plays a role in modulating mitochondrial stress responses, acting in the nucleus, perhaps via regulating gene expression, independent of its characterized mitochondrial function in ubiquinone biosynthesis",dHMN-COQ7,dHMN/HMN,"autosomal recessive",2023,620402,https://doi.org/10.1093/brain/awad158,"Biallelic Variants in COQ7 Cause Distal Hereditary Motor Neuropathy with Uupper Motor Neuron Signs"
COX6A1,"cytochrome c oxidase subunit 6A1",COX6AL,0,0,12q24.31,AR,CMTRI,2014,HGNC:2277,ENSG00000111775,1337,602072,P12074,NM_004373,NM_004373.4,ENST00000229379.3,chr12:120438090-120440742,chr12:120875893-120878545,,https://www.ncbi.nlm.nih.gov/clinvar/?term=COX6A1%5Bgene%5D%20AND%20%28%22clinsig%20pathogenic%22%5BProperties%5D%20OR%20%22clinsig%20likely%20pathogenic%22%5BProperties%5D%29,https://gnomad.broadinstitute.org/gene/ENSG00000111775,https://panelapp.genomicsengland.co.uk/panels/846/gene/COX6A1/,,,,,,,,0,"Component of the cytochrome c oxidase, the last enzyme in the mitochondrial electron transport chain which drives oxidative phosphorylation. The respiratory chain contains 3 multisubunit complexes succinate dehydrogenase (complex II, CII), ubiquinol-cytochrome c oxidoreductase (cytochrome b-c1 complex, complex III, CIII) and cytochrome c oxidase (complex IV, CIV), that cooperate to transfer electrons derived from NADH and succinate to molecular oxygen, creating an electrochemical gradient over the inner membrane that drives transmembrane transport and the ATP synthase. Cytochrome c oxidase is the component of the respiratory chain that catalyzes the reduction of oxygen to water. Electrons originating from reduced cytochrome c in the intermembrane space (IMS) are transferred via the dinuclear copper A center (CU(A)) of subunit 2 and heme A of subunit 1 to the active site in subunit 1, a binuclear center (BNC) formed by heme A3 and copper B (CU(B)). The BNC reduces molecular oxygen to 2 water molecules unsing 4 electrons from cytochrome c in the IMS and 4 protons from the mitochondrial matrix",CMTRID,CMTRI,"autosomal recessive",2014,616039,https://doi.org/10.1016/j.ajhg.2014.07.013,"A Mutation of COX6A1 Causes a Recessive Axonal or Mixed Form of Charcot-Marie-Tooth Disease"
CRYAB,"crystallin alpha B","CRYA2; HSPB5",0,0,11q23.1,AD,"Unclassified Subtypes",2023,HGNC:2389,ENSG00000109846,1410,123590,P02511,NM_001289807,NM_001289808.2,ENST00000650687.2,chr11:111908239-111923722,chr11:111779289-111794446,,https://www.ncbi.nlm.nih.gov/clinvar/?term=CRYAB%5Bgene%5D%20AND%20%28%22clinsig%20pathogenic%22%5BProperties%5D%20OR%20%22clinsig%20likely%20pathogenic%22%5BProperties%5D%29,https://gnomad.broadinstitute.org/gene/ENSG00000109846,https://panelapp.genomicsengland.co.uk/panels/846/gene/CRYAB/,,,,,,,,0,"May contribute to the transparency and refractive index of the lens. Has chaperone-like activity, preventing aggregation of various proteins under a wide range of stress conditions. In lens epithelial cells, stabilizes the ATP6V1A protein, preventing its degradation by the proteasome (By similarity)",CMT-CRYAB,"Unclassified Subtypes","autosomal dominant",2023,,https://doi.org/10.1111/ene.16063,"Mutations in Alpha-B-Crystallin Cause Autosomal Dominant Axonal Charcot-Marie-Tooth Disease with Congenital Cataracts"
CTDP1,"CTD phosphatase 1",FCP1,0,0,18q23,AR,"Unclassified Subtypes",2006,HGNC:2498,ENSG00000060069,9150,604927,Q9Y5B0,NM_004715,NM_004715.5,ENST00000613122.5,chr18:79679781-79756608,chr18:77439801-77514510,,https://www.ncbi.nlm.nih.gov/clinvar/?term=CTDP1%5Bgene%5D%20AND%20%28%22clinsig%20pathogenic%22%5BProperties%5D%20OR%20%22clinsig%20likely%20pathogenic%22%5BProperties%5D%29,https://gnomad.broadinstitute.org/gene/ENSG00000060069,https://panelapp.genomicsengland.co.uk/panels/846/gene/CTDP1/,,,,,,,,0,"Processively dephosphorylates 'Ser-2' and 'Ser-5' of the heptad repeats YSPTSPS in the C-terminal domain of the largest RNA polymerase II subunit. This promotes the activity of RNA polymerase II. Plays a role in the exit from mitosis by dephosphorylating crucial mitotic substrates (USP44, CDC20 and WEE1) that are required for M-phase-promoting factor (MPF)/CDK1 inactivation",CMT-CTDP1,"Unclassified Subtypes","autosomal recessive",2006,,https://doi.org/10.1385/NMM:8:1-2:75,"Autosomal-Recessive Forms of Demyelinating Charcot-Marie-Tooth Disease."
DARS2,"aspartyl-tRNA synthetase 2, mitochondrial",FLJ10514,0,0,1q25.1,AR,"Unclassified Subtypes",2025,HGNC:25538,ENSG00000117593,55157,610956,Q6PI48,NM_018122,NM_018122.5,ENST00000649689.2,chr1:173824540-173858808,chr1:173793641-173827684,,https://www.ncbi.nlm.nih.gov/clinvar/?term=DARS2%5Bgene%5D%20AND%20%28%22clinsig%20pathogenic%22%5BProperties%5D%20OR%20%22clinsig%20likely%20pathogenic%22%5BProperties%5D%29,https://gnomad.broadinstitute.org/gene/ENSG00000117593,https://panelapp.genomicsengland.co.uk/panels/846/gene/DARS2/,,,,,,,,0,"Catalyzes the attachment of aspartate to tRNA(Asp) in a two-step reaction: aspartate is first activated by ATP to form Asp-AMP and then transferred to the acceptor end of tRNA(Asp)",CMT-DARS2,"Unclassified Subtypes","autosomal recessive",2025,,https://doi.org/10.1002/ana.78005,"Biallelic Variants in the DARS2 Gene as a Novel Cause of Axonal Charcot-Marie-Tooth Disease"
DCAF8,"DDB1 and CUL4 associated factor 8",WDR42A,0,0,1q23.2,AD,GAN,2014,HGNC:24891,ENSG00000132716,50717,615820,Q5TAQ9,NM_015726,NM_015726.4,ENST00000368074.6,chr1:160214840-160263388,chr1:160185505-160254920,,https://www.ncbi.nlm.nih.gov/clinvar/?term=DCAF8%5Bgene%5D%20AND%20%28%22clinsig%20pathogenic%22%5BProperties%5D%20OR%20%22clinsig%20likely%20pathogenic%22%5BProperties%5D%29,https://gnomad.broadinstitute.org/gene/ENSG00000132716,https://panelapp.genomicsengland.co.uk/panels/846/gene/DCAF8/,,,,,,,,0,"May function as a substrate receptor for CUL4-DDB1 E3 ubiquitin-protein ligase complex",GAN-2,GAN,"autosomal dominant",2014,610100,https://doi.org/10.1212/WNL.0000000000000206,"Ubiquitin Ligase Defect by DCAF8 Mutation Causes HMSN2 with Giant Axons"
DCTN1,"dynactin subunit 1",,0,0,2p13.1,AD,dHMN/HMN,2003,HGNC:2711,ENSG00000204843,1639,601143,Q14203,NM_004082,NM_004082.5,ENST00000628224.3,chr2:74361154-74392087,chr2:74588281-74619214,,https://www.ncbi.nlm.nih.gov/clinvar/?term=DCTN1%5Bgene%5D%20AND%20%28%22clinsig%20pathogenic%22%5BProperties%5D%20OR%20%22clinsig%20likely%20pathogenic%22%5BProperties%5D%29,https://gnomad.broadinstitute.org/gene/ENSG00000204843,https://panelapp.genomicsengland.co.uk/panels/846/gene/DCTN1/,,,,,,,,0,"Part of the dynactin complex that activates the molecular motor dynein for ultra-processive transport along microtubules (By similarity). Plays a key role in dynein-mediated retrograde transport of vesicles and organelles along microtubules by recruiting and tethering dynein to microtubules. Binds to both dynein and microtubules providing a link between specific cargos, microtubules and dynein. Essential for targeting dynein to microtubule plus ends, recruiting dynein to membranous cargos and enhancing dynein processivity (the ability to move along a microtubule for a long distance without falling off the track). Can also act as a brake to slow the dynein motor during motility along the microtubule. Can regulate microtubule stability by promoting microtubule formation, nucleation and polymerization and by inhibiting microtubule catastrophe in neurons. Inhibits microtubule catastrophe by binding both to microtubules and to tubulin, leading to enhanced microtubule stability along the axon. Plays a role in metaphase spindle orientation. Plays a role in centriole cohesion and subdistal appendage organization and function. Its recruitment to the centriole in a KIF3A-dependent manner is essential for the maintenance of centriole cohesion and the formation of subdistal appendage. Also required for microtubule anchoring at the mother centriole. Plays a role in primary cilia formation",dHMN-7B,dHMN/HMN,"autosomal dominant",2003,607641,https://doi.org/10.1038/ng1123,"Mutant Dynactin in Motor Neuron Disease"
DGAT2,"diacylglycerol O-acyltransferase 2",,0,0,11q13.5,AD,"Unclassified Subtypes",2016,HGNC:16940,ENSG00000062282,84649,606983,Q96PD7,NM_032564,NM_032564.5,ENST00000228027.12,chr11:75759512-75813865,chr11:75470557-75512579,,https://www.ncbi.nlm.nih.gov/clinvar/?term=DGAT2%5Bgene%5D%20AND%20%28%22clinsig%20pathogenic%22%5BProperties%5D%20OR%20%22clinsig%20likely%20pathogenic%22%5BProperties%5D%29,https://gnomad.broadinstitute.org/gene/ENSG00000062282,,,,,,,,,0,"Essential acyltransferase that catalyzes the terminal and only committed step in triacylglycerol synthesis by using diacylglycerol and fatty acyl CoA as substrates. Required for synthesis and storage of intracellular triglycerides. Probably plays a central role in cytosolic lipid accumulation. In liver, is primarily responsible for incorporating endogenously synthesized fatty acids into triglycerides (By similarity). Also functions as an acyl-CoA retinol acyltransferase (ARAT) (By similarity). Also able to use 1-monoalkylglycerol (1-MAkG) as an acyl acceptor for the synthesis of monoalkyl-monoacylglycerol (MAMAG)",CMT-DGAT2,"Unclassified Subtypes","autosomal dominant",2016,,https://doi.org/10.1002/humu.22959,"DGAT2 Mutation in a Family with Autosomal-Dominant Early-Onset Axonal Charcot-Marie-Tooth Disease"
DHTKD1,"dehydrogenase E1 and transketolase domain containing 1","KIAA1630; MGC3090; DKFZP762M115; OADH-E1; OADC-E1; E1a",0,0,10p14,AD,CMT2,2012,HGNC:23537,ENSG00000181192,55526,614984,Q96HY7,NM_018706,NM_018706.7,ENST00000263035.9,chr10:12068926-12125946,chr10:12110971-12165224,,https://www.ncbi.nlm.nih.gov/clinvar/?term=DHTKD1%5Bgene%5D%20AND%20%28%22clinsig%20pathogenic%22%5BProperties%5D%20OR%20%22clinsig%20likely%20pathogenic%22%5BProperties%5D%29,https://gnomad.broadinstitute.org/gene/ENSG00000181192,https://panelapp.genomicsengland.co.uk/panels/846/gene/DHTKD1/,,,,,,,,0,"2-oxoadipate dehydrogenase (E1a) component of the 2-oxoadipate dehydrogenase complex (OADHC). Participates in the first step, rate limiting for the overall conversion of 2-oxoadipate (alpha-ketoadipate) to glutaryl-CoA and CO(2) catalyzed by the whole OADHC. Catalyzes the irreversible decarboxylation of 2-oxoadipate via the thiamine diphosphate (ThDP) cofactor and subsequent transfer of the decarboxylated acyl intermediate on an oxidized dihydrolipoyl group that is covalently amidated to the E2 enzyme (dihydrolipoyllysine-residue succinyltransferase or DLST) (Probable). Can catalyze the decarboxylation of 2-oxoglutarate in vitro, but at a much lower rate than 2-oxoadipate. Responsible for the last step of L-lysine, L-hydroxylysine and L-tryptophan catabolism with the common product being 2-oxoadipate (Probable)",CMT2Q,CMT2,"autosomal dominant",2012,615025,https://doi.org/10.1016/j.ajhg.2012.09.018,"A Nonsense Mutation in DHTKD1 Causes Charcot-Marie-Tooth Disease Type 2 in a Large Chinese Pedigree"
DHX9,"DExH-box helicase 9","LPK; DDX9",0,0,1q25.3,AD,"Unclassified Subtypes",2023,HGNC:2750,ENSG00000135829,1660,603115,Q08211,NM_030588,NM_001357.5,ENST00000367549.4,chr1:182839302-182888120,chr1:182808504-182856886,,https://www.ncbi.nlm.nih.gov/clinvar/?term=DHX9%5Bgene%5D%20AND%20%28%22clinsig%20pathogenic%22%5BProperties%5D%20OR%20%22clinsig%20likely%20pathogenic%22%5BProperties%5D%29,https://gnomad.broadinstitute.org/gene/ENSG00000135829,https://panelapp.genomicsengland.co.uk/panels/846/gene/DHX9/,,,,,,,,0,"Multifunctional ATP-dependent nucleic acid helicase that unwinds DNA and RNA in a 3' to 5' direction and that plays important roles in many processes, such as DNA replication, transcriptional activation, post-transcriptional RNA regulation, mRNA translation and RNA-mediated gene silencing. Requires a 3'-single-stranded tail as entry site for acid nuclei unwinding activities as well as the binding and hydrolyzing of any of the four ribo- or deoxyribo-nucleotide triphosphates (NTPs). Unwinds numerous nucleic acid substrates such as double-stranded (ds) DNA and RNA, DNA:RNA hybrids, DNA and RNA forks composed of either partially complementary DNA duplexes or DNA:RNA hybrids, respectively, and also DNA and RNA displacement loops (D- and R-loops), triplex-helical DNA (H-DNA) structure and DNA and RNA-based G-quadruplexes. Binds dsDNA, single-stranded DNA (ssDNA), dsRNA, ssRNA and poly(A)-containing RNA. Also binds to circular dsDNA or dsRNA of either linear and/or circular forms and stimulates the relaxation of supercoiled DNAs catalyzed by topoisomerase TOP2A. Plays a role in DNA replication at origins of replication and cell cycle progression. Plays a role as a transcriptional coactivator acting as a bridging factor between polymerase II holoenzyme and transcription factors or cofactors, such as BRCA1, CREBBP, RELA and SMN1. Binds to the CDKN2A promoter. Plays several roles in post-transcriptional regulation of gene expression. In cooperation with NUP98, promotes pre-mRNA alternative splicing activities of a subset of genes. As component of a large PER complex, is involved in the negative regulation of 3' transcriptional termination of circadian target genes such as PER1 and NR1D1 and the control of the circadian rhythms (By similarity). Also acts as a nuclear resolvase that is able to bind and neutralize harmful massive secondary double-stranded RNA structures formed by inverted-repeat Alu retrotransposon elements that are inserted and transcribed as parts of genes during the process of gene transposition. Involved in the positive regulation of nuclear export of constitutive transport element (CTE)-containing unspliced mRNA. Component of the coding region determinant (CRD)-mediated complex that promotes cytoplasmic MYC mRNA stability. Plays a role in mRNA translation. Positively regulates translation of selected mRNAs through its binding to post-transcriptional control element (PCE) in the 5'-untranslated region (UTR). Involved with LARP6 in the translation stimulation of type I collagen mRNAs for CO1A1 and CO1A2 through binding of a specific stem-loop structure in their 5'-UTRs. Stimulates LIN28A-dependent mRNA translation probably by facilitating ribonucleoprotein remodeling during the process of translation. Plays also a role as a small interfering (siRNA)-loading factor involved in the RNA-induced silencing complex (RISC) loading complex (RLC) assembly, and hence functions in the RISC-mediated gene silencing process. Binds preferentially to short double-stranded RNA, such as those produced during rotavirus intestinal infection. This interaction may mediate NLRP9 inflammasome activation and trigger inflammatory response, including IL18 release and pyroptosis. Finally, mediates the attachment of heterogeneous nuclear ribonucleoproteins (hnRNPs) to actin filaments in the nucleus",CMT-DHX9,"Unclassified Subtypes","autosomal dominant",2023,,https://doi.org/10.1016/j.ajhg.2023.06.013,"Monoallelic variation in DHX9, the gene encoding the DExH-box helicase DHX9, underlies neurodevelopment disorders and Charcot-Marie-Tooth disease"
DNAJB2,"DnaJ heat shock protein family (Hsp40) member B2",HSJ1,0,0,2q35,AR,dSMA,2012,HGNC:5228,ENSG00000135924,3300,604139,P25686,NM_001039550,NM_006736.6,ENST00000336576.10,chr2:219279308-219286900,chr2:220143989-220151622,https://search.clinicalgenome.org/CCID:004677,https://www.ncbi.nlm.nih.gov/clinvar/?term=DNAJB2%5Bgene%5D%20AND%20%28%22clinsig%20pathogenic%22%5BProperties%5D%20OR%20%22clinsig%20likely%20pathogenic%22%5BProperties%5D%29,https://gnomad.broadinstitute.org/gene/ENSG00000135924,https://panelapp.genomicsengland.co.uk/panels/846/gene/DNAJB2/,https://search.clinicalgenome.org/kb/gene-validity/CGGV:assertion_6d726e4f-6edb-4d04-b2ae-2cd05ecdd8db-2026-08-08T160000.000Z,Definitive,"neuronopathy, distal hereditary motor, autosomal recessive 5",MONDO:0013947,,,,0,"Functions as a co-chaperone, regulating the substrate binding and activating the ATPase activity of chaperones of the HSP70/heat shock protein 70 family. In parallel, also contributes to the ubiquitin-dependent proteasomal degradation of misfolded proteins. Thereby, may regulate the aggregation and promote the functional recovery of misfolded proteins like HTT, MC4R, PRKN, RHO and SOD1 and be crucial for many biological processes. Isoform 1 which is localized to the endoplasmic reticulum membranes may specifically function in ER-associated protein degradation of misfolded proteins",dSMA-5,dSMA,"autosomal recessive",2012,614881,https://doi.org/10.1002/ana.22684,"A Rare Recessive Distal Hereditary Motor Neuropathy with HSJ1 Chaperone Mutation"
DNM2,"dynamin 2","DYNII; DYN2",0,0,19p13.2,AD,CMT2|CMTDI,2005,HGNC:2974,ENSG00000079805,1785,602378,P50570,NM_004945,NM_001005361.3,ENST00000389253.9,chr19:10717967-10834209,chr19:10828755-10944164,https://search.clinicalgenome.org/CCID:004687,https://www.ncbi.nlm.nih.gov/clinvar/?term=DNM2%5Bgene%5D%20AND%20%28%22clinsig%20pathogenic%22%5BProperties%5D%20OR%20%22clinsig%20likely%20pathogenic%22%5BProperties%5D%29,https://gnomad.broadinstitute.org/gene/ENSG00000079805,https://panelapp.genomicsengland.co.uk/panels/846/gene/DNM2/,https://search.clinicalgenome.org/kb/gene-validity/CGGV:assertion_7bc54e5d-eed5-4d40-9e0d-143bfeb88cac-2020-10-27T131827.010Z,Definitive,"Charcot-Marie-Tooth disease",MONDO:0015626,,,,0,"Catalyzes the hydrolysis of GTP and utilizes this energy to mediate vesicle scission at plasma membrane during endocytosis and filament remodeling at many actin structures during organization of the actin cytoskeleton. Plays an important role in vesicular trafficking processes, namely clathrin-mediated endocytosis (CME), exocytic and clathrin-coated vesicle from the trans-Golgi network, and PDGF stimulated macropinocytosis. During vesicular trafficking process, associates to the membrane, through lipid binding, and self-assembles into ring-like structure through oligomerization to form a helical polymer around the vesicle membrane and leading to vesicle scission. Plays a role in organization of the actin cytoskeleton by mediating arrangement of stress fibers and actin bundles in podocytes (By similarity). During organization of the actin cytoskeleton, self-assembles into ring-like structure that directly bundles actin filaments to form typical membrane tubules decorated with dynamin spiral polymers (By similarity). Self-assembly increases GTPase activity and the GTP hydrolysis causes the rapid depolymerization of dynamin spiral polymers, and results in dispersion of actin bundles (By similarity). Remodels, through its interaction with CTTN, bundled actin filaments in a GTPase-dependent manner and plays a role in orchestrating the global actomyosin cytoskeleton. The interaction with CTTN stabilizes the interaction of DNM2 and actin filaments and stimulates the intrinsic GTPase activity that results in actin filament-barbed ends and increases the sensitivity of filaments in bundles to the actin depolymerizing factor, CFL1 (By similarity). Plays a role in the autophagy process, by participating in the formation of ATG9A vesicles destined for the autophagosomes through its interaction with SNX18, by mediating recycling endosome scission leading to autophagosome release through MAP1LC3B interaction. Also regulates maturation of apoptotic cell corpse-containing phagosomes by recruiting PIK3C3 to the phagosome membrane (By similarity). Also plays a role in cytokinesis (By similarity). May participate in centrosome cohesion through its interaction with TUBG1 (By similarity). Plays a role in the regulation of neuron morphology, axon growth and formation of neuronal growth cones (By similarity). Involved in membrane tubulation",CMTDIB,CMTDI,"autosomal dominant",2005,606482,https://doi.org/10.1038/ng1514,"Mutations in the Pleckstrin Homology Domain of Dynamin 2 Cause Dominant Intermediate Charcot-Marie-Tooth Disease"
DNM2,"dynamin 2","DYNII; DYN2",0,0,19p13.2,AD,CMT2|CMTDI,2005,HGNC:2974,ENSG00000079805,1785,602378,P50570,NM_004945,NM_001005361.3,ENST00000389253.9,chr19:10717967-10834209,chr19:10828755-10944164,https://search.clinicalgenome.org/CCID:004687,https://www.ncbi.nlm.nih.gov/clinvar/?term=DNM2%5Bgene%5D%20AND%20%28%22clinsig%20pathogenic%22%5BProperties%5D%20OR%20%22clinsig%20likely%20pathogenic%22%5BProperties%5D%29,https://gnomad.broadinstitute.org/gene/ENSG00000079805,https://panelapp.genomicsengland.co.uk/panels/846/gene/DNM2/,https://search.clinicalgenome.org/kb/gene-validity/CGGV:assertion_7bc54e5d-eed5-4d40-9e0d-143bfeb88cac-2020-10-27T131827.010Z,Definitive,"Charcot-Marie-Tooth disease",MONDO:0015626,,,,0,"Catalyzes the hydrolysis of GTP and utilizes this energy to mediate vesicle scission at plasma membrane during endocytosis and filament remodeling at many actin structures during organization of the actin cytoskeleton. Plays an important role in vesicular trafficking processes, namely clathrin-mediated endocytosis (CME), exocytic and clathrin-coated vesicle from the trans-Golgi network, and PDGF stimulated macropinocytosis. During vesicular trafficking process, associates to the membrane, through lipid binding, and self-assembles into ring-like structure through oligomerization to form a helical polymer around the vesicle membrane and leading to vesicle scission. Plays a role in organization of the actin cytoskeleton by mediating arrangement of stress fibers and actin bundles in podocytes (By similarity). During organization of the actin cytoskeleton, self-assembles into ring-like structure that directly bundles actin filaments to form typical membrane tubules decorated with dynamin spiral polymers (By similarity). Self-assembly increases GTPase activity and the GTP hydrolysis causes the rapid depolymerization of dynamin spiral polymers, and results in dispersion of actin bundles (By similarity). Remodels, through its interaction with CTTN, bundled actin filaments in a GTPase-dependent manner and plays a role in orchestrating the global actomyosin cytoskeleton. The interaction with CTTN stabilizes the interaction of DNM2 and actin filaments and stimulates the intrinsic GTPase activity that results in actin filament-barbed ends and increases the sensitivity of filaments in bundles to the actin depolymerizing factor, CFL1 (By similarity). Plays a role in the autophagy process, by participating in the formation of ATG9A vesicles destined for the autophagosomes through its interaction with SNX18, by mediating recycling endosome scission leading to autophagosome release through MAP1LC3B interaction. Also regulates maturation of apoptotic cell corpse-containing phagosomes by recruiting PIK3C3 to the phagosome membrane (By similarity). Also plays a role in cytokinesis (By similarity). May participate in centrosome cohesion through its interaction with TUBG1 (By similarity). Plays a role in the regulation of neuron morphology, axon growth and formation of neuronal growth cones (By similarity). Involved in membrane tubulation",CMT2M,CMT2,"autosomal dominant",2007,606482,https://doi.org/10.1212/01.wnl.0000265820.51075.61,"Two Novel Mutations in Dynamin-2 Cause Axonal Charcot-Marie-Tooth Disease"
DNMT1,"DNA methyltransferase 1",DNMT,0,0,19p13.2,AD,HSN,2011,HGNC:2976,ENSG00000130816,1786,126375,P26358,NM_001379,NM_001130823.3,ENST00000359526.9,chr19:10133342-10231286,chr19:10244021-10341962,,https://www.ncbi.nlm.nih.gov/clinvar/?term=DNMT1%5Bgene%5D%20AND%20%28%22clinsig%20pathogenic%22%5BProperties%5D%20OR%20%22clinsig%20likely%20pathogenic%22%5BProperties%5D%29,https://gnomad.broadinstitute.org/gene/ENSG00000130816,https://panelapp.genomicsengland.co.uk/panels/846/gene/DNMT1/,,,,,,,,0,"DNA methyltransferase that methylates CpG residues. Preferentially methylates hemimethylated DNA. Associates with DNA replication sites in S phase maintaining the methylation pattern in the newly synthesized strand, that is essential for epigenetic inheritance. Associates with chromatin during G2 and M phases to maintain DNA methylation independently of replication. It is responsible for maintaining methylation patterns established in development. DNA methylation is coordinated with methylation of histones. Mediates transcriptional repression by direct binding to HDAC2. In association with DNMT3B and via the recruitment of CTCFL/BORIS, involved in activation of BAG1 gene expression by modulating dimethylation of promoter histone H3 at H3K4 and H3K9. Probably forms a corepressor complex required for activated KRAS-mediated promoter hypermethylation and transcriptional silencing of tumor suppressor genes (TSGs) or other tumor-related genes in colorectal cancer (CRC) cells. Also required to maintain a transcriptionally repressive state of genes in undifferentiated embryonic stem cells (ESCs). Associates at promoter regions of tumor suppressor genes (TSGs) leading to their gene silencing",HSN-1E,HSN,"autosomal dominant",2011,614116,https://doi.org/10.1038/ng.830,"Mutations in DNMT1 Cause Hereditary Sensory Neuropathy with Dementia and Hearing Loss"
DRP2,"dystrophin related protein 2",,0,0,Xq22.1,XLD,"Unclassified Subtypes",2015,HGNC:3032,ENSG00000102385,1821,300052,Q13474,NM_001939,NM_001939.3,ENST00000395209.8,chrX:101219723-101264502,chrX:100474758-100519486,,https://www.ncbi.nlm.nih.gov/clinvar/?term=DRP2%5Bgene%5D%20AND%20%28%22clinsig%20pathogenic%22%5BProperties%5D%20OR%20%22clinsig%20likely%20pathogenic%22%5BProperties%5D%29,https://gnomad.broadinstitute.org/gene/ENSG00000102385,https://panelapp.genomicsengland.co.uk/panels/846/gene/DRP2/,,,,,,,,1,"Required for normal myelination and for normal organization of the cytoplasm and the formation of Cajal bands in myelinating Schwann cells. Required for normal PRX location at appositions between the abaxonal surface of the myelin sheath and the Schwann cell plasma membrane. Possibly involved in membrane-cytoskeleton interactions of the central nervous system",CMT-DRP2,"Unclassified Subtypes","X-linked dominant",2015,,https://doi.org/10.1016/j.nmd.2015.07.001,"Absence of Dystrophin Related Protein-2 Disrupts Cajal Bands in a Patient with Charcot-Marie-Tooth Disease"
DST,dystonin,,0,0,6p12.1,AR,"Unclassified Subtypes|HSAN",2012,HGNC:1090,ENSG00000151914,667,113810,Q03001,NM_001723,NM_001374736.1,ENST00000680361.1,chr6:56457981-56955274,chr6:56322785-56819426,https://search.clinicalgenome.org/CCID:004708,https://www.ncbi.nlm.nih.gov/clinvar/?term=DST%5Bgene%5D%20AND%20%28%22clinsig%20pathogenic%22%5BProperties%5D%20OR%20%22clinsig%20likely%20pathogenic%22%5BProperties%5D%29,https://gnomad.broadinstitute.org/gene/ENSG00000151914,https://panelapp.genomicsengland.co.uk/panels/846/gene/DST/,https://search.clinicalgenome.org/kb/gene-validity/CGGV:assertion_d90c7de8-a72a-4c54-bab8-fe9d4aef0409-2021-12-14T170000.000Z,Definitive,"hereditary sensory and autonomic neuropathy type 6",MONDO:0013839,,,,1,"Cytoskeletal linker protein. Acts as an integrator of intermediate filaments, actin and microtubule cytoskeleton networks. Required for anchoring either intermediate filaments to the actin cytoskeleton in neural and muscle cells or keratin-containing intermediate filaments to hemidesmosomes in epithelial cells. The proteins may self-aggregate to form filaments or a two-dimensional mesh. Regulates the organization and stability of the microtubule network of sensory neurons to allow axonal transport. Mediates docking of the dynein/dynactin motor complex to vesicle cargos for retrograde axonal transport through its interaction with TMEM108 and DCTN1 (By similarity)",HSAN-6,HSAN,"autosomal recessive",2012,614653,https://doi.org/10.1002/ana.23524,"Hereditary Sensory Autonomic Neuropathy Caused by a Mutation in Dystonin"
DST,dystonin,,0,0,6p12.1,AR,"Unclassified Subtypes|HSAN",2012,HGNC:1090,ENSG00000151914,667,113810,Q03001,NM_001723,NM_001374736.1,ENST00000680361.1,chr6:56457981-56955274,chr6:56322785-56819426,https://search.clinicalgenome.org/CCID:004708,https://www.ncbi.nlm.nih.gov/clinvar/?term=DST%5Bgene%5D%20AND%20%28%22clinsig%20pathogenic%22%5BProperties%5D%20OR%20%22clinsig%20likely%20pathogenic%22%5BProperties%5D%29,https://gnomad.broadinstitute.org/gene/ENSG00000151914,https://panelapp.genomicsengland.co.uk/panels/846/gene/DST/,https://search.clinicalgenome.org/kb/gene-validity/CGGV:assertion_d90c7de8-a72a-4c54-bab8-fe9d4aef0409-2021-12-14T170000.000Z,Definitive,"hereditary sensory and autonomic neuropathy type 6",MONDO:0013839,,,,1,"Cytoskeletal linker protein. Acts as an integrator of intermediate filaments, actin and microtubule cytoskeleton networks. Required for anchoring either intermediate filaments to the actin cytoskeleton in neural and muscle cells or keratin-containing intermediate filaments to hemidesmosomes in epithelial cells. The proteins may self-aggregate to form filaments or a two-dimensional mesh. Regulates the organization and stability of the microtubule network of sensory neurons to allow axonal transport. Mediates docking of the dynein/dynactin motor complex to vesicle cargos for retrograde axonal transport through its interaction with TMEM108 and DCTN1 (By similarity)",CMT-DST,"Unclassified Subtypes","autosomal recessive",2020,,https://doi.org/10.1212/NXG.0000000000000496,"Isoform-Specific Loss of Dystonin Causes Hereditary Motor and Sensory Neuropathy"
DYNC1H1,"dynein cytoplasmic 1 heavy chain 1","DNECL; DNCL; DNCH1",0,0,14q32.31,AD,CMT2|SMA-LEP,2011,HGNC:2961,ENSG00000197102,1778,600112,Q14204,NM_001376,NM_001376.5,ENST00000360184.10,chr14:101964519-102056443,chr14:102430865-102517129,https://search.clinicalgenome.org/CCID:004713,https://www.ncbi.nlm.nih.gov/clinvar/?term=DYNC1H1%5Bgene%5D%20AND%20%28%22clinsig%20pathogenic%22%5BProperties%5D%20OR%20%22clinsig%20likely%20pathogenic%22%5BProperties%5D%29,https://gnomad.broadinstitute.org/gene/ENSG00000197102,https://panelapp.genomicsengland.co.uk/panels/846/gene/DYNC1H1/,https://search.clinicalgenome.org/kb/gene-validity/CGGV:assertion_c1e12eb9-aea0-4597-8893-48df533f6ad9-2026-08-08T160000.000Z,Definitive,"distal hereditary motor neuropathy",MONDO:0018894,,,,0,"Cytoplasmic dynein 1 acts as a motor for the intracellular retrograde motility of vesicles and organelles along microtubules. Dynein has ATPase activity; the force-producing power stroke is thought to occur on release of ADP. Plays a role in mitotic spindle assembly and metaphase plate congression",CMT2O,CMT2,"autosomal dominant",2011,614228,https://doi.org/10.1016/j.ajhg.2011.07.002,"Exome Sequencing Identifies a DYNC1H1 Mutation in a Large Pedigree with Dominant Axonal Charcot-Marie-Tooth Disease"
DYNC1H1,"dynein cytoplasmic 1 heavy chain 1","DNECL; DNCL; DNCH1",0,0,14q32.31,AD,CMT2|SMA-LEP,2011,HGNC:2961,ENSG00000197102,1778,600112,Q14204,NM_001376,NM_001376.5,ENST00000360184.10,chr14:101964519-102056443,chr14:102430865-102517129,https://search.clinicalgenome.org/CCID:004713,https://www.ncbi.nlm.nih.gov/clinvar/?term=DYNC1H1%5Bgene%5D%20AND%20%28%22clinsig%20pathogenic%22%5BProperties%5D%20OR%20%22clinsig%20likely%20pathogenic%22%5BProperties%5D%29,https://gnomad.broadinstitute.org/gene/ENSG00000197102,https://panelapp.genomicsengland.co.uk/panels/846/gene/DYNC1H1/,https://search.clinicalgenome.org/kb/gene-validity/CGGV:assertion_c1e12eb9-aea0-4597-8893-48df533f6ad9-2026-08-08T160000.000Z,Definitive,"distal hereditary motor neuropathy",MONDO:0018894,,,,0,"Cytoplasmic dynein 1 acts as a motor for the intracellular retrograde motility of vesicles and organelles along microtubules. Dynein has ATPase activity; the force-producing power stroke is thought to occur on release of ADP. Plays a role in mitotic spindle assembly and metaphase plate congression",SMA-LEP-1,SMA-LEP,"autosomal dominant",2012,158600,https://doi.org/10.1212/WNL.0b013e3182556c05,"Mutations in the Tail Domain of DYNC1H1 Cause Dominant Spinal Muscular Atrophy"
EGR2,"early growth response 2",KROX20,0,0,10q21.3,AD|AR,CMT1|CMT4,1998,HGNC:3239,ENSG00000122877,1959,129010,P11161,NM_000399,NM_000399.5,ENST00000242480.4,chr10:62811996-62819167,chr10:64571756-64679660,https://search.clinicalgenome.org/CCID:004734,https://www.ncbi.nlm.nih.gov/clinvar/?term=EGR2%5Bgene%5D%20AND%20%28%22clinsig%20pathogenic%22%5BProperties%5D%20OR%20%22clinsig%20likely%20pathogenic%22%5BProperties%5D%29,https://gnomad.broadinstitute.org/gene/ENSG00000122877,https://panelapp.genomicsengland.co.uk/panels/846/gene/EGR2/,https://search.clinicalgenome.org/kb/gene-validity/CGGV:assertion_a6e83e27-0c9a-4475-92f5-745303931858-2021-11-17T033516.468Z,Definitive,"Charcot-Marie-Tooth disease",MONDO:0015626,,,,0,"Sequence-specific DNA-binding transcription factor. Plays a role in hindbrain segmentation by regulating the expression of a subset of homeobox containing genes and in Schwann cell myelination by regulating the expression of genes involved in the formation and maintenance of myelin (By similarity). Binds to two EGR2-consensus sites EGR2A (5'-CTGTAGGAG-3') and EGR2B (5'-ATGTAGGTG-3') in the HOXB3 enhancer and promotes HOXB3 transcriptional activation (By similarity). Binds to specific DNA sites located in the promoter region of HOXA4, HOXB2 and ERBB2 (By similarity). Regulates hindbrain segmentation by controlling the expression of Hox genes, such as HOXA4, HOXB3 and HOXB2, and thereby specifying odd and even rhombomeres (By similarity). Promotes the expression of HOXB3 in the rhombomere r5 in the hindbrain (By similarity). Regulates myelination in the peripheral nervous system after birth, possibly by regulating the expression of myelin proteins, such as MPZ, and by promoting the differentiation of Schwann cells (By similarity). Involved in the development of the jaw openener musculature, probably by playing a role in its innervation through trigeminal motor neurons (By similarity). May play a role in adipogenesis, possibly by regulating the expression of CEBPB (By similarity)",CMT1D,CMT1,"autosomal dominant",1998,607678,https://doi.org/10.1038/ng0498-382,"Gene are Associated with Hereditary Myelinopathies"
EGR2,"early growth response 2",KROX20,0,0,10q21.3,AD|AR,CMT1|CMT4,1998,HGNC:3239,ENSG00000122877,1959,129010,P11161,NM_000399,NM_000399.5,ENST00000242480.4,chr10:62811996-62819167,chr10:64571756-64679660,https://search.clinicalgenome.org/CCID:004734,https://www.ncbi.nlm.nih.gov/clinvar/?term=EGR2%5Bgene%5D%20AND%20%28%22clinsig%20pathogenic%22%5BProperties%5D%20OR%20%22clinsig%20likely%20pathogenic%22%5BProperties%5D%29,https://gnomad.broadinstitute.org/gene/ENSG00000122877,https://panelapp.genomicsengland.co.uk/panels/846/gene/EGR2/,https://search.clinicalgenome.org/kb/gene-validity/CGGV:assertion_a6e83e27-0c9a-4475-92f5-745303931858-2021-11-17T033516.468Z,Definitive,"Charcot-Marie-Tooth disease",MONDO:0015626,,,,0,"Sequence-specific DNA-binding transcription factor. Plays a role in hindbrain segmentation by regulating the expression of a subset of homeobox containing genes and in Schwann cell myelination by regulating the expression of genes involved in the formation and maintenance of myelin (By similarity). Binds to two EGR2-consensus sites EGR2A (5'-CTGTAGGAG-3') and EGR2B (5'-ATGTAGGTG-3') in the HOXB3 enhancer and promotes HOXB3 transcriptional activation (By similarity). Binds to specific DNA sites located in the promoter region of HOXA4, HOXB2 and ERBB2 (By similarity). Regulates hindbrain segmentation by controlling the expression of Hox genes, such as HOXA4, HOXB3 and HOXB2, and thereby specifying odd and even rhombomeres (By similarity). Promotes the expression of HOXB3 in the rhombomere r5 in the hindbrain (By similarity). Regulates myelination in the peripheral nervous system after birth, possibly by regulating the expression of myelin proteins, such as MPZ, and by promoting the differentiation of Schwann cells (By similarity). Involved in the development of the jaw openener musculature, probably by playing a role in its innervation through trigeminal motor neurons (By similarity). May play a role in adipogenesis, possibly by regulating the expression of CEBPB (By similarity)",CMT4E,CMT4,"autosomal recessive",1998,605253,https://doi.org/10.1038/ng0498-382,"Mutations in the Early Growth Response 2 (EGR2) Gene are Associated with Hereditary Myelinopathies"
ELP1,"elongator acetyltransferase complex subunit 1",IKBKAP,0,0,9q31.3,AR,HSAN,2001,HGNC:5959,ENSG00000070061,8518,603722,O95163,NM_001318360,NM_003640.5,ENST00000374647.10,chr9:108866898-108934414,,https://search.clinicalgenome.org/CCID:009357,https://www.ncbi.nlm.nih.gov/clinvar/?term=ELP1%5Bgene%5D%20AND%20%28%22clinsig%20pathogenic%22%5BProperties%5D%20OR%20%22clinsig%20likely%20pathogenic%22%5BProperties%5D%29,https://gnomad.broadinstitute.org/gene/ENSG00000070061,https://panelapp.genomicsengland.co.uk/panels/846/gene/ELP1/,https://search.clinicalgenome.org/kb/gene-validity/CGGV:assertion_1fb7bfd2-ec58-4bb7-90ee-24ccf24fe942-2025-05-29T160000.000Z,Moderate,"Riley-Day syndrome",MONDO:0009131,,,,0,"Component of the elongator complex which is required for multiple tRNA modifications, including mcm5U (5-methoxycarbonylmethyl uridine), mcm5s2U (5-methoxycarbonylmethyl-2-thiouridine), and ncm5U (5-carbamoylmethyl uridine). The elongator complex catalyzes the formation of carboxymethyluridine in the wobble base at position 34 in tRNAs. Regulates the migration and branching of projection neurons in the developing cerebral cortex, through a process depending on alpha-tubulin acetylation (By similarity). ELP1 binds to tRNA, mediating interaction of the elongator complex with tRNA (By similarity). May act as a scaffold protein that assembles active IKK-MAP3K14 complexes (IKKA, IKKB and MAP3K14/NIK)",HSAN-3,HSAN,"autosomal recessive",2001,223900,https://doi.org/10.1086/318808,"Familial Dysautonomia is Caused by Mutations of the IKAP Gene."
FAM169A,"family with sequence similarity 169 member A",,1,0,5q13.3,,Candidate,2024,HGNC:29138,ENSG00000198780,26049,615769,Q9Y6X4,NM_001376049,NM_001376049.1,ENST00000687041.1,chr5:74777573-74867022,chr5:74073399-74162776,,https://www.ncbi.nlm.nih.gov/clinvar/?term=FAM169A%5Bgene%5D%20AND%20%28%22clinsig%20pathogenic%22%5BProperties%5D%20OR%20%22clinsig%20likely%20pathogenic%22%5BProperties%5D%29,https://gnomad.broadinstitute.org/gene/ENSG00000198780,,,,,,,,,0,,FAM169A,Candidate,,2024,,,
FBLN5,"fibulin 5","EVEC; UP50; DANCE; ARMD3",0,0,14q32.12,AD,CMT1,2020,HGNC:3602,ENSG00000140092,10516,604580,Q9UBX5,NM_001384158,NM_006329.4,ENST00000342058.9,chr14:91869410-91948064,chr14:92335756-92414331,https://search.clinicalgenome.org/CCID:004821,https://www.ncbi.nlm.nih.gov/clinvar/?term=FBLN5%5Bgene%5D%20AND%20%28%22clinsig%20pathogenic%22%5BProperties%5D%20OR%20%22clinsig%20likely%20pathogenic%22%5BProperties%5D%29,https://gnomad.broadinstitute.org/gene/ENSG00000140092,https://panelapp.genomicsengland.co.uk/panels/846/gene/FBLN5/,https://search.clinicalgenome.org/kb/gene-validity/CGGV:assertion_a863341a-9dcf-4a4f-a82d-7edb5e63fe92-2026-08-08T160000.000Z,Moderate,"demyelinating hereditary motor and sensory neuropathy",MONDO:0018776,,,,1,"Essential for elastic fiber formation, is involved in the assembly of continuous elastin (ELN) polymer and promotes the interaction of microfibrils and ELN. Stabilizes and organizes elastic fibers in the skin, lung and vasculature (By similarity). Promotes adhesion of endothelial cells through interaction of integrins and the RGD motif. Vascular ligand for integrin receptors which may play a role in vascular development and remodeling. May act as an adapter that mediates the interaction between FBN1 and ELN",CMT1H,CMT1,"autosomal dominant",2020,619764,https://doi.org/10.1111/ene.14463,"Demyelinating Charcot-Marie-Tooth Neuropathy Associated with FBLN5 Mutations"
FBXO38,"F-box protein 38",FBX38,0,0,5q32,AD,dHMN/HMN,2013,HGNC:28844,ENSG00000145868,81545,608533,Q6PIJ6,NM_030793,NM_205836.3,ENST00000340253.10,chr5:148383826-148442850,chr5:147763498-147822399,https://search.clinicalgenome.org/CCID:004827,https://www.ncbi.nlm.nih.gov/clinvar/?term=FBXO38%5Bgene%5D%20AND%20%28%22clinsig%20pathogenic%22%5BProperties%5D%20OR%20%22clinsig%20likely%20pathogenic%22%5BProperties%5D%29,https://gnomad.broadinstitute.org/gene/ENSG00000145868,https://panelapp.genomicsengland.co.uk/panels/846/gene/FBXO38/,https://search.clinicalgenome.org/kb/gene-validity/CGGV:assertion_350c1f45-5afd-4f36-8973-94acaf7bb961-2026-08-08T160000.000Z,Moderate,"distal hereditary motor neuropathy",MONDO:0018894,,,,1,"Substrate recognition component of a SCF (SKP1-CUL1-F-box protein) E3 ubiquitin-protein ligase complex which mediates the ubiquitination and subsequent proteasomal degradation of PDCD1/PD-1, thereby regulating T-cells-mediated immunity. Required for anti-tumor activity of T-cells by promoting the degradation of PDCD1/PD-1; the PDCD1-mediated inhibitory pathway being exploited by tumors to attenuate anti-tumor immunity and facilitate tumor survival. May indirectly stimulate the activity of transcription factor KLF7, a regulator of neuronal differentiation, without promoting KLF7 ubiquitination (By similarity)",dHMN-2D,dHMN/HMN,"autosomal dominant",2013,615575,https://doi.org/10.1016/j.ajhg.2013.10.006,"A Dominant Mutation in FBXO38 Causes Distal Spinal Muscular Atrophy with Calf Predominance"
FGD4,"FYVE, RhoGEF and PH domain containing 4","FRABP; Frabin; ZFYVE6",0,0,12p11.21,AR,CMT4,2007,HGNC:19125,ENSG00000139132,121512,611104,Q96M96,NM_139241,NM_001370298.3,ENST00000534526.7,chr12:32399318-32646050,chr12:32552463-32798984,https://search.clinicalgenome.org/CCID:004834,https://www.ncbi.nlm.nih.gov/clinvar/?term=FGD4%5Bgene%5D%20AND%20%28%22clinsig%20pathogenic%22%5BProperties%5D%20OR%20%22clinsig%20likely%20pathogenic%22%5BProperties%5D%29,https://gnomad.broadinstitute.org/gene/ENSG00000139132,https://panelapp.genomicsengland.co.uk/panels/846/gene/FGD4/,https://search.clinicalgenome.org/kb/gene-validity/CGGV:assertion_e0aae8cd-9d57-4d8c-83ae-ed968cf186bc-2020-04-14T131822.010Z,Definitive,"Charcot-Marie-Tooth disease",MONDO:0015626,,,,0,"Activates CDC42, a member of the Ras-like family of Rho- and Rac proteins, by exchanging bound GDP for free GTP. Plays a role in regulating the actin cytoskeleton and cell shape. Activates MAPK8 (By similarity)",CMT4H,CMT4,"autosomal recessive",2007,609311,https://doi.org/10.1086/518428,"Mutations in FGD4 Encoding the Rho GDP/GTP Exchange Factor FRABIN Cause Autosomal Recessive Charcot-Marie-Tooth Type 4H"
FIG4,"FIG4 phosphoinositide 5-phosphatase",KIAA0274,0,0,6q21,AR,CMT4,2007,HGNC:16873,ENSG00000112367,9896,609390,Q92562,NM_014845,NM_014845.6,ENST00000230124.8,chr6:109690609-109878098,chr6:110012499-110146631,https://search.clinicalgenome.org/CCID:004854,https://www.ncbi.nlm.nih.gov/clinvar/?term=FIG4%5Bgene%5D%20AND%20%28%22clinsig%20pathogenic%22%5BProperties%5D%20OR%20%22clinsig%20likely%20pathogenic%22%5BProperties%5D%29,https://gnomad.broadinstitute.org/gene/ENSG00000112367,https://panelapp.genomicsengland.co.uk/panels/846/gene/FIG4/,https://search.clinicalgenome.org/kb/gene-validity/CGGV:assertion_cbc44812-5fe4-4e11-ac89-58e4175d4463-2025-01-08T170000.000Z,Definitive,"Charcot-Marie-Tooth disease",MONDO:0015626,,,,0,"Dual specificity phosphatase component of the PI(3,5)P2 regulatory complex which regulates both the synthesis and turnover of phosphatidylinositol 3,5-bisphosphate (PtdIns(3,5)P2). Catalyzes the dephosphorylation of phosphatidylinositol 3,5-bisphosphate (PtdIns(3,5)P2) to form phosphatidylinositol 3-phosphate. Has serine-protein phosphatase activity acting on PIKfyve to stimulate its lipid kinase activity, its catalytically activity being required for maximal PI(3,5)P2 production. In vitro, hydrolyzes all three D5-phosphorylated polyphosphoinositide and although displaying preferences for PtdIns(3,5)P2, it is capable of hydrolyzing PtdIns(3,4,5)P3 and PtdIns(4,5)P2, at least in vitro",CMT4J,CMT4,"autosomal recessive",2007,611228,https://doi.org/10.1038/nature05876,"Mutation of FIG4 Causes Neurodegeneration in the Pale Tremor Mouse and Patients with CMT4J"
FLVCR1,"FLVCR choline and heme transporter 1",FLVCR,0,0,1q32.3,AR,HSN,2019,HGNC:24682,ENSG00000162769,28982,609144,Q9Y5Y0,NM_014053,NM_014053.4,ENST00000366971.9,chr1:212858230-212899363,chr1:213031597-213072705,,https://www.ncbi.nlm.nih.gov/clinvar/?term=FLVCR1%5Bgene%5D%20AND%20%28%22clinsig%20pathogenic%22%5BProperties%5D%20OR%20%22clinsig%20likely%20pathogenic%22%5BProperties%5D%29,https://gnomad.broadinstitute.org/gene/ENSG00000162769,https://panelapp.genomicsengland.co.uk/panels/846/gene/FLVCR1/,,,,,,,,0,"Uniporter that mediates the transport of extracellular choline and ethanolamine into cells, thereby playing a key role in phospholipid biosynthesis. Choline and ethanolamine are the precursors of phosphatidylcholine and phosphatidylethanolamine, respectively, the two most abundant phospholipids. Transport is not coupled with proton transport and is exclusively driven by the choline (or ethanolamine) gradient across the plasma membrane. Also acts as a heme b transporter that mediates heme efflux from the cytoplasm to the extracellular compartment",HSN-FLVCR1,HSN,"autosomal recessive",2019,,https://doi.org/10.1097/j.pain.0000000000001675,"Heme and Sensory Neuropathy: Insights from Novel Mutations in the Heme Exporter Feline Leukemia Virus Subgroup C Receptor 1"
FXN,frataxin,,1,0,9q21.11,,Candidate,2024,HGNC:3951,ENSG00000165060,2395,606829,Q16595,NM_000144,NM_000144.5,ENST00000484259.3,chr9:69035730-69079076,chr9:71650175-71715094,,https://www.ncbi.nlm.nih.gov/clinvar/?term=FXN%5Bgene%5D%20AND%20%28%22clinsig%20pathogenic%22%5BProperties%5D%20OR%20%22clinsig%20likely%20pathogenic%22%5BProperties%5D%29,https://gnomad.broadinstitute.org/gene/ENSG00000165060,https://panelapp.genomicsengland.co.uk/panels/846/gene/FXN/,,,,,,,,0,"Functions as an activator of persulfide transfer to the scaffoding protein ISCU as component of the core iron-sulfur cluster (ISC) assembly complex and participates to the [2Fe-2S] cluster assembly. Accelerates sulfur transfer from NFS1 persulfide intermediate to ISCU and to small thiols such as L-cysteine and glutathione leading to persulfuration of these thiols and ultimately sulfide release. Binds ferrous ion and is released from FXN upon the addition of both L-cysteine and reduced FDX2 during [2Fe-2S] cluster assembly. The core iron-sulfur cluster (ISC) assembly complex is involved in the de novo synthesis of a [2Fe-2S] cluster, the first step of the mitochondrial iron-sulfur protein biogenesis. This process is initiated by the cysteine desulfurase complex (NFS1:LYRM4:NDUFAB1) that produces persulfide which is delivered on the scaffold protein ISCU in a FXN-dependent manner. Then this complex is stabilized by FDX2 which provides reducing equivalents to accomplish the [2Fe-2S] cluster assembly. Finally, the [2Fe-2S] cluster is transferred from ISCU to chaperone proteins, including HSCB, HSPA9 and GLRX5 (By similarity). May play a role in the protection against iron-catalyzed oxidative stress through its ability to catalyze the oxidation of Fe(2+) to Fe(3+); the oligomeric form but not the monomeric form has in vitro ferroxidase activity. May be able to store large amounts of iron in the form of a ferrihydrite mineral by oligomerization; however, the physiological relevance is unsure as reports are conflicting and the function has only been shown using heterologous overexpression systems. May function as an iron chaperone protein that protects the aconitase [4Fe-4S]2+ cluster from disassembly and promotes enzyme reactivation. May play a role as a high affinity iron binding partner for FECH that is capable of both delivering iron to ferrochelatase and mediating the terminal step in mitochondrial heme biosynthesis",FXN,Candidate,,2024,,,
GAN,gigaxonin,GAN1,0,0,16q23.2,AR,GAN,2000,HGNC:4137,ENSG00000261609,8139,605379,Q9H2C0,NM_001377486,NM_022041.4,ENST00000648994.2,chr16:81314932-81390884,chr16:81348557-81424489,https://search.clinicalgenome.org/CCID:004918,https://www.ncbi.nlm.nih.gov/clinvar/?term=GAN%5Bgene%5D%20AND%20%28%22clinsig%20pathogenic%22%5BProperties%5D%20OR%20%22clinsig%20likely%20pathogenic%22%5BProperties%5D%29,https://gnomad.broadinstitute.org/gene/ENSG00000261609,https://panelapp.genomicsengland.co.uk/panels/846/gene/GAN/,https://search.clinicalgenome.org/kb/gene-validity/CGGV:assertion_b9f65afa-5cb1-457e-abff-ab110145a32d-2022-02-10T021239.651Z,Definitive,"giant axonal neuropathy 1",MONDO:0009749,,,,0,"Probable cytoskeletal component that directly or indirectly plays an important role in neurofilament architecture. May act as a substrate-specific adapter of an E3 ubiquitin-protein ligase complex which mediates the ubiquitination and subsequent proteasomal degradation of target proteins. Controls degradation of TBCB. Controls degradation of MAP1B and MAP1S, and is critical for neuronal maintenance and survival",GAN-1,GAN,"autosomal recessive",2000,256850,https://doi.org/10.1038/81701,"The Gene Encoding Gigaxonin, a New Member of the Cytoskeletal BTB/Kelch Repeat Family, is Mutated in Giant Axonal Neuropathy"
GARS1,"glycyl-tRNA synthetase 1","GARS; GlyRS",0,0,7p14.3,AD,CMT2|dHMN/HMN,2003,HGNC:4162,ENSG00000106105,2617,600287,P41250,NM_002047,NM_002047.4,ENST00000389266.8,chr7:30580533-30634033,chr7:30634297-30673649,https://search.clinicalgenome.org/CCID:004920,https://www.ncbi.nlm.nih.gov/clinvar/?term=GARS1%5Bgene%5D%20AND%20%28%22clinsig%20pathogenic%22%5BProperties%5D%20OR%20%22clinsig%20likely%20pathogenic%22%5BProperties%5D%29,https://gnomad.broadinstitute.org/gene/ENSG00000106105,https://panelapp.genomicsengland.co.uk/panels/846/gene/GARS/,https://search.clinicalgenome.org/kb/gene-validity/CGGV:assertion_168242d1-ef2e-486a-a45a-ed96187bd4d2-2023-01-10T170000.000Z,Definitive,"Charcot-Marie-Tooth disease type 2D",MONDO:0011091,,,,0,"Catalyzes the ATP-dependent ligation of glycine to the 3'-end of its cognate tRNA, via the formation of an aminoacyl-adenylate intermediate (Gly-AMP). Also produces diadenosine tetraphosphate (Ap4A), a universal pleiotropic signaling molecule needed for cell regulation pathways, by direct condensation of 2 ATPs. Thereby, may play a special role in Ap4A homeostasis",CMT2D,CMT2,"autosomal dominant",2003,601472,https://doi.org/10.1086/375039,"Glycyl tRNA Synthetase Mutations in Charcot-Marie-Tooth Disease Type 2D and Distal Spinal Muscular Atrophy Type V"
GARS1,"glycyl-tRNA synthetase 1","GARS; GlyRS",0,0,7p14.3,AD,CMT2|dHMN/HMN,2003,HGNC:4162,ENSG00000106105,2617,600287,P41250,NM_002047,NM_002047.4,ENST00000389266.8,chr7:30580533-30634033,chr7:30634297-30673649,https://search.clinicalgenome.org/CCID:004920,https://www.ncbi.nlm.nih.gov/clinvar/?term=GARS1%5Bgene%5D%20AND%20%28%22clinsig%20pathogenic%22%5BProperties%5D%20OR%20%22clinsig%20likely%20pathogenic%22%5BProperties%5D%29,https://gnomad.broadinstitute.org/gene/ENSG00000106105,https://panelapp.genomicsengland.co.uk/panels/846/gene/GARS/,https://search.clinicalgenome.org/kb/gene-validity/CGGV:assertion_168242d1-ef2e-486a-a45a-ed96187bd4d2-2023-01-10T170000.000Z,Definitive,"Charcot-Marie-Tooth disease type 2D",MONDO:0011091,,,,0,"Catalyzes the ATP-dependent ligation of glycine to the 3'-end of its cognate tRNA, via the formation of an aminoacyl-adenylate intermediate (Gly-AMP). Also produces diadenosine tetraphosphate (Ap4A), a universal pleiotropic signaling molecule needed for cell regulation pathways, by direct condensation of 2 ATPs. Thereby, may play a special role in Ap4A homeostasis",dHMN-5A,dHMN/HMN,"autosomal dominant",2003,600794,https://doi.org/10.1086/375039,"Glycyl tRNA Synthetase Mutations in Charcot-Marie-Tooth Disease Type 2D and Distal Spinal Muscular Atrophy Type V"
GBF1,"golgi brefeldin A resistant guanine nucleotide exchange factor 1","KIAA0248; ARF1GEF",0,0,10q24.32,AD,CMT2,2020,HGNC:4181,ENSG00000107862,8729,603698,Q92538,NM_001199378,NM_001377137.1,ENST00000369983.5,chr10:102245371-102382899,chr10:104005289-104142656,,https://www.ncbi.nlm.nih.gov/clinvar/?term=GBF1%5Bgene%5D%20AND%20%28%22clinsig%20pathogenic%22%5BProperties%5D%20OR%20%22clinsig%20likely%20pathogenic%22%5BProperties%5D%29,https://gnomad.broadinstitute.org/gene/ENSG00000107862,https://panelapp.genomicsengland.co.uk/panels/846/gene/GBF1/,,,,,,,,1,"Guanine-nucleotide exchange factor (GEF) for members of the Arf family of small GTPases involved in trafficking in the early secretory pathway; its GEF activity initiates the coating of nascent vesicles via the localized generation of activated ARFs through replacement of GDP with GTP. Recruitment to cis-Golgi membranes requires membrane association of Arf-GDP and can be regulated by ARF1, ARF3, ARF4 and ARF5. Involved in the recruitment of the COPI coat complex to the endoplasmic reticulum exit sites (ERES), and the endoplasmic reticulum-Golgi intermediate (ERGIC) and cis-Golgi compartments which implicates ARF1 activation. Involved in COPI vesicle-dependent retrograde transport from the ERGIC and cis-Golgi compartments to the endoplasmic reticulum (ER). Involved in the trans-Golgi network recruitment of GGA1, GGA2, GGA3, BIG1, BIG2, and the AP-1 adaptor protein complex related to chlathrin-dependent transport; the function requires its GEF activity (probably at least in part on ARF4 and ARF5). Has GEF activity towards ARF1. Has in vitro GEF activity towards ARF5 (By similarity). Involved in the processing of PSAP. Required for the assembly of the Golgi apparatus. The AMPK-phosphorylated form is involved in Golgi disassembly during mitotis and under stress conditions. May be involved in the COPI vesicle-dependent recruitment of PNPLA2 to lipid droplets; however, this function is under debate. In neutrophils, involved in G protein-coupled receptor (GPCR)-mediated chemotaxis und superoxide production. Proposed to be recruited by phosphatidylinositol-phosphates generated upon GPCR stimulation to the leading edge where it recruits and activates ARF1, and is involved in recruitment of GIT2 and the NADPH oxidase complex. Plays a role in maintaining mitochondrial morphology",CMT2GG,CMT2,"autosomal dominant",2020,606483,https://doi.org/10.1016/j.ajhg.2020.08.018,"De Novo and Inherited Variants in GBF1 are Associated with Axonal Neuropathy Caused by Golgi Fragmentation"
GDAP1,"ganglioside induced differentiation associated protein 1",,0,0,8q21.11,AR|AD,CMT2|CMT4|CMTRI,2002,HGNC:15968,ENSG00000104381,54332,606598,Q8TB36,NM_018972,NM_018972.4,ENST00000220822.12,chr8:74320613-74518007,chr8:75233365-75401107,https://search.clinicalgenome.org/CCID:004938,https://www.ncbi.nlm.nih.gov/clinvar/?term=GDAP1%5Bgene%5D%20AND%20%28%22clinsig%20pathogenic%22%5BProperties%5D%20OR%20%22clinsig%20likely%20pathogenic%22%5BProperties%5D%29,https://gnomad.broadinstitute.org/gene/ENSG00000104381,https://panelapp.genomicsengland.co.uk/panels/846/gene/GDAP1/,https://search.clinicalgenome.org/kb/gene-validity/CGGV:assertion_c6d93637-02f5-4f5d-b7a9-17356f084149-2020-07-28T144211.873Z,Definitive,"Charcot-Marie-Tooth disease",MONDO:0015626,,,,0,"Regulates the mitochondrial network by promoting mitochondrial fission",CMT4A,CMT4,"autosomal recessive",2002,214400,https://doi.org/10.1038/ng796,"Ganglioside-Induced Differentiation-Associated Protein-1 is Mutant in Charcot-Marie-Tooth Disease Type 4A/8q21"
GDAP1,"ganglioside induced differentiation associated protein 1",,0,0,8q21.11,AR|AD,CMT2|CMT4|CMTRI,2002,HGNC:15968,ENSG00000104381,54332,606598,Q8TB36,NM_018972,NM_018972.4,ENST00000220822.12,chr8:74320613-74518007,chr8:75233365-75401107,https://search.clinicalgenome.org/CCID:004938,https://www.ncbi.nlm.nih.gov/clinvar/?term=GDAP1%5Bgene%5D%20AND%20%28%22clinsig%20pathogenic%22%5BProperties%5D%20OR%20%22clinsig%20likely%20pathogenic%22%5BProperties%5D%29,https://gnomad.broadinstitute.org/gene/ENSG00000104381,https://panelapp.genomicsengland.co.uk/panels/846/gene/GDAP1/,https://search.clinicalgenome.org/kb/gene-validity/CGGV:assertion_c6d93637-02f5-4f5d-b7a9-17356f084149-2020-07-28T144211.873Z,Definitive,"Charcot-Marie-Tooth disease",MONDO:0015626,,,,0,"Regulates the mitochondrial network by promoting mitochondrial fission",CMTRIA,CMTRI,"autosomal recessive",2003,608340,https://doi.org/10.1093/brain/awg068,"Mutations in the Ganglioside-Induced Differentiation-Associated Protein-1 (GDAP1) Gene in Intermediate Type Autosomal Recessive Charcot-Marie-Tooth Neuropathy"
GDAP1,"ganglioside induced differentiation associated protein 1",,0,0,8q21.11,AR|AD,CMT2|CMT4|CMTRI,2002,HGNC:15968,ENSG00000104381,54332,606598,Q8TB36,NM_018972,NM_018972.4,ENST00000220822.12,chr8:74320613-74518007,chr8:75233365-75401107,https://search.clinicalgenome.org/CCID:004938,https://www.ncbi.nlm.nih.gov/clinvar/?term=GDAP1%5Bgene%5D%20AND%20%28%22clinsig%20pathogenic%22%5BProperties%5D%20OR%20%22clinsig%20likely%20pathogenic%22%5BProperties%5D%29,https://gnomad.broadinstitute.org/gene/ENSG00000104381,https://panelapp.genomicsengland.co.uk/panels/846/gene/GDAP1/,https://search.clinicalgenome.org/kb/gene-validity/CGGV:assertion_c6d93637-02f5-4f5d-b7a9-17356f084149-2020-07-28T144211.873Z,Definitive,"Charcot-Marie-Tooth disease",MONDO:0015626,,,,0,"Regulates the mitochondrial network by promoting mitochondrial fission",CMT2B3,CMT2,"autosomal recessive",2007,"No Entry",https://doi.org/10.1093/brain/awm014,"Autosomal Recessive Axonal Charcot-Marie-Tooth Disease (ARCMT2): Phenotype-Genotype Correlations in 13 Moroccan Families “Recessive mutations in GDAP1 cause AR-CMT2C/CMT2B3, although this has yet to be officially recognized in OMIM (and given a number).” &#8211;Inherited Neuropathies Consortium, CMT In-Depth, AR-CMT2"
GDAP1,"ganglioside induced differentiation associated protein 1",,0,0,8q21.11,AR|AD,CMT2|CMT4|CMTRI,2002,HGNC:15968,ENSG00000104381,54332,606598,Q8TB36,NM_018972,NM_018972.4,ENST00000220822.12,chr8:74320613-74518007,chr8:75233365-75401107,https://search.clinicalgenome.org/CCID:004938,https://www.ncbi.nlm.nih.gov/clinvar/?term=GDAP1%5Bgene%5D%20AND%20%28%22clinsig%20pathogenic%22%5BProperties%5D%20OR%20%22clinsig%20likely%20pathogenic%22%5BProperties%5D%29,https://gnomad.broadinstitute.org/gene/ENSG00000104381,https://panelapp.genomicsengland.co.uk/panels/846/gene/GDAP1/,https://search.clinicalgenome.org/kb/gene-validity/CGGV:assertion_c6d93637-02f5-4f5d-b7a9-17356f084149-2020-07-28T144211.873Z,Definitive,"Charcot-Marie-Tooth disease",MONDO:0015626,,,,0,"Regulates the mitochondrial network by promoting mitochondrial fission",CMT2K,CMT2,"autosomal dominant or autosomal recessive",2008,607831,https://doi.org/10.1111/j.1399-0004.2008.01018.x,"A Novel Mutation in the GDAP1 Gene is Associated With Autosomal Recessive Charcot-Marie-Tooth Disease in an Amish Family"
GJB1,"gap junction protein beta 1",CX32,0,0,Xq13.1,XLD,CMTX,1993,HGNC:4283,ENSG00000169562,2705,304040,P08034,NM_000166,NM_000166.6,ENST00000361726.7,chrX:71212811-71225519,chrX:70435044-70445366,https://search.clinicalgenome.org/CCID:004952,https://www.ncbi.nlm.nih.gov/clinvar/?term=GJB1%5Bgene%5D%20AND%20%28%22clinsig%20pathogenic%22%5BProperties%5D%20OR%20%22clinsig%20likely%20pathogenic%22%5BProperties%5D%29,https://gnomad.broadinstitute.org/gene/ENSG00000169562,https://panelapp.genomicsengland.co.uk/panels/846/gene/GJB1/,https://search.clinicalgenome.org/kb/gene-validity/CGGV:assertion_fcacd858-2376-4cc0-983a-156145e36595-2020-01-14T170000.000Z,Definitive,"Charcot-Marie-Tooth disease X-linked dominant 1",MONDO:0010549,,,,0,"One gap junction consists of a cluster of closely packed pairs of transmembrane channels, the connexons, through which materials of low MW diffuse from one cell to a neighboring cell",CMTX1,CMTX,"X-linked dominant",1993,302800,https://doi.org/10.1126/science.8266101,"Connexin Mutations in X-Linked Charcot-Marie-Tooth Disease"
GLE1,"GLE1 RNA export mediator",,1,0,9q34.11,,Candidate,2021,HGNC:4315,ENSG00000119392,2733,603371,Q53GS7,NM_001003722,NM_001003722.2,ENST00000309971.9,chr9:128504655-128543874,chr9:131266979-131304567,,https://www.ncbi.nlm.nih.gov/clinvar/?term=GLE1%5Bgene%5D%20AND%20%28%22clinsig%20pathogenic%22%5BProperties%5D%20OR%20%22clinsig%20likely%20pathogenic%22%5BProperties%5D%29,https://gnomad.broadinstitute.org/gene/ENSG00000119392,https://panelapp.genomicsengland.co.uk/panels/846/gene/GLE1/,,,,,,,,0,"Required for the export of mRNAs containing poly(A) tails from the nucleus into the cytoplasm. May be involved in the terminal step of the mRNA transport through the nuclear pore complex (NPC)",GLE1,Candidate,,2021,,,
GNB4,"G protein subunit beta 4",,0,0,3q26.33,AD,CMTDI,2013,HGNC:20731,ENSG00000114450,59345,610863,Q9HAV0,NM_021629,NM_021629.4,ENST00000232564.8,chr3:179396088-179451647,chr3:179116990-179169378,https://search.clinicalgenome.org/CCID:004977,https://www.ncbi.nlm.nih.gov/clinvar/?term=GNB4%5Bgene%5D%20AND%20%28%22clinsig%20pathogenic%22%5BProperties%5D%20OR%20%22clinsig%20likely%20pathogenic%22%5BProperties%5D%29,https://gnomad.broadinstitute.org/gene/ENSG00000114450,https://panelapp.genomicsengland.co.uk/panels/846/gene/GNB4/,https://search.clinicalgenome.org/kb/gene-validity/CGGV:assertion_a8cecdd7-06d8-4697-8cd9-32900c366371-2026-07-29T160000.000Z,Moderate,"Charcot-Marie-Tooth disease",MONDO:0015626,,,,0,"Guanine nucleotide-binding proteins (G proteins) are involved as a modulator or transducer in various transmembrane signaling systems. The beta and gamma chains are required for the GTPase activity, for replacement of GDP by GTP, and for G protein-effector interaction",CMTDIF,CMTDI,"autosomal dominant",2013,615185,https://doi.org/10.1016/j.ajhg.2013.01.014,"Exome Sequencing Identifies GNB4 Mutations as a Cause of Dominant Intermediate Charcot-Marie-Tooth Disease"
HADHB,"hydroxyacyl-CoA dehydrogenase trifunctional multienzyme complex subunit beta",,0,0,2p23.3,AR,"Unclassified Subtypes",2013,HGNC:4803,ENSG00000138029,3032,143450,P55084,NM_000183,NM_000183.3,ENST00000317799.10,chr2:26243170-26290473,chr2:26466038-26513336,,https://www.ncbi.nlm.nih.gov/clinvar/?term=HADHB%5Bgene%5D%20AND%20%28%22clinsig%20pathogenic%22%5BProperties%5D%20OR%20%22clinsig%20likely%20pathogenic%22%5BProperties%5D%29,https://gnomad.broadinstitute.org/gene/ENSG00000138029,https://panelapp.genomicsengland.co.uk/panels/846/gene/HADHB/,,,,,,,,0,"Mitochondrial trifunctional enzyme catalyzes the last three of the four reactions of the mitochondrial beta-oxidation pathway. The mitochondrial beta-oxidation pathway is the major energy-producing process in tissues and is performed through cycles of four consecutive reactions. Each beta-oxidation cycle shortens the fatty acyl-CoA by two carbons, yielding one acetyl-CoA (for the citric acid cycle), one FADH(2), and one NADH (which donate electrons to the respiratory chain for ATP production). These cycles repeat until the chain is fully degraded to acetyl-CoA units. Among the enzymes involved in this pathway, the trifunctional protein, responsible for the hydration, dehydrogenation, and thiolysis steps, shows specificity for long-chain fatty acids, such as those from dietary and stored fats. Mitochondrial trifunctional enzyme is a heterotetrameric complex composed of two proteins, the trifunctional enzyme subunit alpha/HADHA carries the 2,3-enoyl-CoA hydratase and the 3-hydroxyacyl-CoA dehydrogenase activities while the trifunctional enzyme subunit beta/HADHB described here bears the 3-ketoacyl-CoA thiolase activity. These activities have been experimentally confirmed on a few substrates derived from beta-oxidation of long-chain saturated fatty acids such as palmitate (hexadecanoate) and laurate (dodecanoate). In addition, based on its established catalytic mechanism, and combined genetic interaction or mutant phenotype evidence, it is predicted to act also on other substrates, including long-chain unsaturated fatty acids such as oleate (9Z-octadecenoate), linoleate (9Z,12Z-octadecadienoate), linolenate (9Z,12Z,15Z-octadecatrienoate), and others (Probable)",CMT-HADHB,"Unclassified Subtypes","autosomal recessive",2013,,https://doi.org/10.1186/1471-2350-14-125,"A Compound Heterozygous Mutation in HADHB Gene Causes an Axonal Charcot-Marie-Tooth Disease"
HARS1,"histidyl-tRNA synthetase 1","USH3B; HARS",0,0,5q31.3,AD,CMT2,2015,HGNC:4816,ENSG00000170445,3035,142810,P12081,NM_002109,NM_002109.6,ENST00000504156.7,chr5:140673035-140691537,chr5:140052758-140071609,,https://www.ncbi.nlm.nih.gov/clinvar/?term=HARS1%5Bgene%5D%20AND%20%28%22clinsig%20pathogenic%22%5BProperties%5D%20OR%20%22clinsig%20likely%20pathogenic%22%5BProperties%5D%29,https://gnomad.broadinstitute.org/gene/ENSG00000170445,https://panelapp.genomicsengland.co.uk/panels/846/gene/HARS/,,,,,,,,1,"Catalyzes the ATP-dependent ligation of histidine to the 3'-end of its cognate tRNA, via the formation of an aminoacyl-adenylate intermediate (His-AMP). Plays a role in axon guidance",CMT2W,CMT2,"autosomal dominant",2015,616625,https://doi.org/10.1093/brain/awv158,"Loss of Function Mutations in HARS Cause a Spectrum of Inherited Peripheral Neuropathies"
HINT1,"histidine triad nucleotide binding protein 1","HINT; PRKCNH1",0,0,5q23.3,AR,"Unclassified Subtypes",2012,HGNC:4912,ENSG00000169567,3094,601314,P49773,NM_005340,NM_005340.7,ENST00000304043.10,chr5:131155383-131224468,chr5:130494720-130507428,https://search.clinicalgenome.org/CCID:005061,https://www.ncbi.nlm.nih.gov/clinvar/?term=HINT1%5Bgene%5D%20AND%20%28%22clinsig%20pathogenic%22%5BProperties%5D%20OR%20%22clinsig%20likely%20pathogenic%22%5BProperties%5D%29,https://gnomad.broadinstitute.org/gene/ENSG00000169567,https://panelapp.genomicsengland.co.uk/panels/846/gene/HINT1/,https://search.clinicalgenome.org/kb/gene-validity/CGGV:assertion_170aae71-9b16-49b1-be29-44f98db2f72e-2021-03-22T201109.360Z,Definitive,"Charcot-Marie-Tooth disease",MONDO:0015626,,,,1,"Exhibits adenosine 5'-monophosphoramidase activity, hydrolyzing purine nucleotide phosphoramidates with a single phosphate group such as adenosine 5'monophosphoramidate (AMP-NH2) to yield AMP and NH2. Hydrolyzes adenosine 5'monophosphomorpholidate (AMP-morpholidate) and guanosine 5'monophosphomorpholidate (GMP-morpholidate). Hydrolyzes lysyl-AMP (AMP-N-epsilon-(N-alpha-acetyl lysine methyl ester)) generated by lysine tRNA ligase, as well as Met-AMP, His-AMP and Asp-AMP, lysyl-GMP (GMP-N-epsilon-(N-alpha-acetyl lysine methyl ester)) and AMP-N-alanine methyl ester. Hydrolyzes 3-indolepropionic acyl-adenylate, tryptamine adenosine phosphoramidate monoester and other fluorogenic purine nucleoside tryptamine phosphoramidates in vitro. Can also convert adenosine 5'-O-phosphorothioate and guanosine 5'-O-phosphorothioate to the corresponding nucleoside 5'-O-phosphates with concomitant release of hydrogen sulfide. In addition, functions as scaffolding protein that modulates transcriptional activation by the LEF1/TCF1-CTNNB1 complex and by the complex formed with MITF and CTNNB1. Modulates p53/TP53 levels and p53/TP53-mediated apoptosis. Modulates proteasomal degradation of target proteins by the SCF (SKP2-CUL1-F-box protein) E3 ubiquitin-protein ligase complex. Also exhibits SUMO-specific isopeptidase activity, deconjugating SUMO1 from RGS17. Deconjugates SUMO1 from RANGAP1 (By similarity)",CMT-HINT1,"Unclassified Subtypes","autosomal recessive",2012,137200,https://doi.org/10.1038/ng.2406,"Loss-of-Function Mutations in HINT1 Cause Axonal Neuropathy with Neuromyotonia"
HK1,"hexokinase 1",HK1,0,0,10q22.1,AR,CMT4,2009,HGNC:4922,ENSG00000156515,3098,142600,P19367,NM_000188,NM_000188.3,ENST00000359426.7,chr10:69269984-69403497,chr10:71029740-71161638,,https://www.ncbi.nlm.nih.gov/clinvar/?term=HK1%5Bgene%5D%20AND%20%28%22clinsig%20pathogenic%22%5BProperties%5D%20OR%20%22clinsig%20likely%20pathogenic%22%5BProperties%5D%29,https://gnomad.broadinstitute.org/gene/ENSG00000156515,https://panelapp.genomicsengland.co.uk/panels/846/gene/HK1/,,,,,,,,0,"Catalyzes the phosphorylation of various hexoses, such as D-glucose, D-glucosamine, D-fructose, D-mannose and 2-deoxy-D-glucose, to hexose 6-phosphate (D-glucose 6-phosphate, D-glucosamine 6-phosphate, D-fructose 6-phosphate, D-mannose 6-phosphate and 2-deoxy-D-glucose 6-phosphate, respectively). Does not phosphorylate N-acetyl-D-glucosamine. Mediates the initial step of glycolysis by catalyzing phosphorylation of D-glucose to D-glucose 6-phosphate (By similarity). Involved in innate immunity and inflammation by acting as a pattern recognition receptor for bacterial peptidoglycan. When released in the cytosol, N-acetyl-D-glucosamine component of bacterial peptidoglycan inhibits the hexokinase activity of HK1 and causes its dissociation from mitochondrial outer membrane, thereby activating the NLRP3 inflammasome",CMT4G,CMT4,"autosomal recessive",2009,605285,https://doi.org/10.1038/ejhg.2009.99,"A Mutation in an Alternative Untranslated Exon of Hexokinase 1 Associated with Hereditary Motor and Sensory Neuropathy &#8212; Russe (HMSNR)"
HSPB1,"heat shock protein family B (small) member 1","HSP27; HSP28; Hs.76067; HSP25",0,0,7q11.23,AD,CMT2|dHMN/HMN,2004,HGNC:5246,ENSG00000106211,3315,602195,P04792,NM_001540,NM_001540.5,ENST00000248553.7,chr7:76302666-76305813,chr7:75931861-75933612,https://search.clinicalgenome.org/CCID:005095,https://www.ncbi.nlm.nih.gov/clinvar/?term=HSPB1%5Bgene%5D%20AND%20%28%22clinsig%20pathogenic%22%5BProperties%5D%20OR%20%22clinsig%20likely%20pathogenic%22%5BProperties%5D%29,https://gnomad.broadinstitute.org/gene/ENSG00000106211,https://panelapp.genomicsengland.co.uk/panels/846/gene/HSPB1/,https://search.clinicalgenome.org/kb/gene-validity/CGGV:assertion_1bec365e-7832-41f1-89cc-48b8ab570c76-2022-08-03T160000.000Z,Definitive,"Charcot-Marie-Tooth disease axonal type 2F",MONDO:0011687,,,,0,"Small heat shock protein which functions as a molecular chaperone probably maintaining denatured proteins in a folding-competent state. Plays a role in stress resistance and actin organization. Through its molecular chaperone activity may regulate numerous biological processes including the phosphorylation and the axonal transport of neurofilament proteins",CMT2F,CMT2,"autosomal dominant",2004,606595,https://doi.org/10.1038/ng1354,"Mutant Small Heat-Shock Protein 27 Causes Axonal Charcot-Marie-Tooth Disease and Distal Hereditary Motor Neuropathy"
HSPB1,"heat shock protein family B (small) member 1","HSP27; HSP28; Hs.76067; HSP25",0,0,7q11.23,AD,CMT2|dHMN/HMN,2004,HGNC:5246,ENSG00000106211,3315,602195,P04792,NM_001540,NM_001540.5,ENST00000248553.7,chr7:76302666-76305813,chr7:75931861-75933612,https://search.clinicalgenome.org/CCID:005095,https://www.ncbi.nlm.nih.gov/clinvar/?term=HSPB1%5Bgene%5D%20AND%20%28%22clinsig%20pathogenic%22%5BProperties%5D%20OR%20%22clinsig%20likely%20pathogenic%22%5BProperties%5D%29,https://gnomad.broadinstitute.org/gene/ENSG00000106211,https://panelapp.genomicsengland.co.uk/panels/846/gene/HSPB1/,https://search.clinicalgenome.org/kb/gene-validity/CGGV:assertion_1bec365e-7832-41f1-89cc-48b8ab570c76-2022-08-03T160000.000Z,Definitive,"Charcot-Marie-Tooth disease axonal type 2F",MONDO:0011687,,,,0,"Small heat shock protein which functions as a molecular chaperone probably maintaining denatured proteins in a folding-competent state. Plays a role in stress resistance and actin organization. Through its molecular chaperone activity may regulate numerous biological processes including the phosphorylation and the axonal transport of neurofilament proteins",dHMN-2B,dHMN/HMN,"autosomal dominant",2004,608634,https://doi.org/10.1038/ng1354,"Mutant Small Heat-Shock Protein 27 Causes Axonal Charcot-Marie-Tooth Disease and Distal Hereditary Motor Neuropathy"
HSPB3,"heat shock protein family B (small) member 3",HSPL27,0,0,5q11.2,AD,dHMN/HMN,2010,HGNC:5248,ENSG00000169271,8988,604624,Q12988,NM_006308,NM_006308.3,ENST00000302005.3,chr5:54455699-54456377,chr5:53751445-53752207,,https://www.ncbi.nlm.nih.gov/clinvar/?term=HSPB3%5Bgene%5D%20AND%20%28%22clinsig%20pathogenic%22%5BProperties%5D%20OR%20%22clinsig%20likely%20pathogenic%22%5BProperties%5D%29,https://gnomad.broadinstitute.org/gene/ENSG00000169271,https://panelapp.genomicsengland.co.uk/panels/846/gene/HSPB3/,,,,,,,,0,"Inhibitor of actin polymerization",dHMN-2C,dHMN/HMN,"autosomal dominant",2010,613376,https://doi.org/10.1212/WNL.0b013e3181cef84a,"Mutant Small Heat Shock Protein B3 Causes Motor Neuropathy: Utility of a Candidate Gene Approach"
HSPB8,"heat shock protein family B (small) member 8","H11; E2IG1; HSP22",0,0,12q24.23,AD,CMT2|dHMN/HMN,2004,HGNC:30171,ENSG00000152137,26353,608014,Q9UJY1,NM_014365,NM_014365.3,ENST00000281938.7,chr12:119171555-119224855,chr12:119616447-119658936,https://search.clinicalgenome.org/CCID:005096,https://www.ncbi.nlm.nih.gov/clinvar/?term=HSPB8%5Bgene%5D%20AND%20%28%22clinsig%20pathogenic%22%5BProperties%5D%20OR%20%22clinsig%20likely%20pathogenic%22%5BProperties%5D%29,https://gnomad.broadinstitute.org/gene/ENSG00000152137,https://panelapp.genomicsengland.co.uk/panels/846/gene/HSPB8/,https://search.clinicalgenome.org/kb/gene-validity/CGGV:assertion_044a2465-8e0a-44ff-8d00-1ec3a76183c8-2021-03-22T201855.441Z,Definitive,"neuronopathy, distal hereditary motor, autosomal dominant",MONDO:0015362,,,,0,"Involved in the chaperone-assisted selective autophagy (CASA), a crucial process for protein quality control, particularly in mechanical strained cells and tissues such as muscle. Displays temperature-dependent chaperone activity",dHMN-2A,dHMN/HMN,"autosomal dominant",2004,158590,https://doi.org/10.1038/ng1328,"Hot-Spot Residue in Small Heat-Shock Protein 22 Causes Distal Motor Neuropathy"
HSPB8,"heat shock protein family B (small) member 8","H11; E2IG1; HSP22",0,0,12q24.23,AD,CMT2|dHMN/HMN,2004,HGNC:30171,ENSG00000152137,26353,608014,Q9UJY1,NM_014365,NM_014365.3,ENST00000281938.7,chr12:119171555-119224855,chr12:119616447-119658936,https://search.clinicalgenome.org/CCID:005096,https://www.ncbi.nlm.nih.gov/clinvar/?term=HSPB8%5Bgene%5D%20AND%20%28%22clinsig%20pathogenic%22%5BProperties%5D%20OR%20%22clinsig%20likely%20pathogenic%22%5BProperties%5D%29,https://gnomad.broadinstitute.org/gene/ENSG00000152137,https://panelapp.genomicsengland.co.uk/panels/846/gene/HSPB8/,https://search.clinicalgenome.org/kb/gene-validity/CGGV:assertion_044a2465-8e0a-44ff-8d00-1ec3a76183c8-2021-03-22T201855.441Z,Definitive,"neuronopathy, distal hereditary motor, autosomal dominant",MONDO:0015362,,,,0,"Involved in the chaperone-assisted selective autophagy (CASA), a crucial process for protein quality control, particularly in mechanical strained cells and tissues such as muscle. Displays temperature-dependent chaperone activity",CMT2L,CMT2,"autosomal dominant",2005,608673,https://doi.org/10.1007/s00439-004-1218-3,"Small Heat-Shock Protein 22 Mutated in Autosomal Dominant Charcot-Marie-Tooth Disease Type 2L"
IGHMBP2,"immunoglobulin mu DNA binding protein 2","ZFAND7; SMUBP2; CATF1",0,0,11q13.3,AR,CMT2|dHMN/HMN,2001,HGNC:5542,ENSG00000132740,3508,600502,P38935,NM_002180,NM_002180.3,ENST00000255078.8,chr11:68903863-68940602,chr11:68671310-68708070,https://search.clinicalgenome.org/CCID:005120,https://www.ncbi.nlm.nih.gov/clinvar/?term=IGHMBP2%5Bgene%5D%20AND%20%28%22clinsig%20pathogenic%22%5BProperties%5D%20OR%20%22clinsig%20likely%20pathogenic%22%5BProperties%5D%29,https://gnomad.broadinstitute.org/gene/ENSG00000132740,https://panelapp.genomicsengland.co.uk/panels/846/gene/IGHMBP2/,https://search.clinicalgenome.org/kb/gene-validity/CGGV:assertion_2717b35a-87a4-4f24-a762-53388db1bcb5-2023-09-06T160000.000Z,Definitive,"hereditary peripheral neuropathy",MONDO:0020127,,,,1,"5' to 3' helicase that unwinds both RNA and DNA duplexes in an ATP-dependent reaction (Probable). Specific to 5'-phosphorylated single-stranded guanine-rich sequences. May play a role in RNA metabolism, ribosome biogenesis or initiation of translation. May play a role in regulation of transcription (By similarity). Interacts with tRNA-Tyr. Has low processivity",dHMN-6,dHMN/HMN,"autosomal recessive",2001,604320,https://doi.org/10.1038/ng703,"Mutations in the Gene Encoding Immunoglobulin Mu-Binding Protein 2 Cause Spinal Muscular Atrophy with Respiratory Distress Type 1"
IGHMBP2,"immunoglobulin mu DNA binding protein 2","ZFAND7; SMUBP2; CATF1",0,0,11q13.3,AR,CMT2|dHMN/HMN,2001,HGNC:5542,ENSG00000132740,3508,600502,P38935,NM_002180,NM_002180.3,ENST00000255078.8,chr11:68903863-68940602,chr11:68671310-68708070,https://search.clinicalgenome.org/CCID:005120,https://www.ncbi.nlm.nih.gov/clinvar/?term=IGHMBP2%5Bgene%5D%20AND%20%28%22clinsig%20pathogenic%22%5BProperties%5D%20OR%20%22clinsig%20likely%20pathogenic%22%5BProperties%5D%29,https://gnomad.broadinstitute.org/gene/ENSG00000132740,https://panelapp.genomicsengland.co.uk/panels/846/gene/IGHMBP2/,https://search.clinicalgenome.org/kb/gene-validity/CGGV:assertion_2717b35a-87a4-4f24-a762-53388db1bcb5-2023-09-06T160000.000Z,Definitive,"hereditary peripheral neuropathy",MONDO:0020127,,,,1,"5' to 3' helicase that unwinds both RNA and DNA duplexes in an ATP-dependent reaction (Probable). Specific to 5'-phosphorylated single-stranded guanine-rich sequences. May play a role in RNA metabolism, ribosome biogenesis or initiation of translation. May play a role in regulation of transcription (By similarity). Interacts with tRNA-Tyr. Has low processivity",CMT2S,CMT2,"autosomal recessive",2014,616155,https://doi.org/10.1016/j.ajhg.2014.10.002,"Truncating and Missense Mutations in IGHMBP2 Cause Charcot-Marie Tooth Disease Type 2"
INF2,"inverted formin 2",,0,0,14q32.33,AD,CMTDI,2011,HGNC:23791,ENSG00000203485,64423,610982,Q27J81,NM_022489,NM_022489.4,ENST00000392634.9,chr14:104681146-104722535,chr14:105155943-105185942,https://search.clinicalgenome.org/CCID:005144,https://www.ncbi.nlm.nih.gov/clinvar/?term=INF2%5Bgene%5D%20AND%20%28%22clinsig%20pathogenic%22%5BProperties%5D%20OR%20%22clinsig%20likely%20pathogenic%22%5BProperties%5D%29,https://gnomad.broadinstitute.org/gene/ENSG00000203485,https://panelapp.genomicsengland.co.uk/panels/846/gene/INF2/,https://search.clinicalgenome.org/kb/gene-validity/CGGV:assertion_5215f2cf-99c9-405a-b221-18f412abd1f0-2021-03-22T202012.410Z,Definitive,"Charcot-Marie-Tooth disease dominant intermediate E",MONDO:0013758,,,,0,"Severs actin filaments and accelerates their polymerization and depolymerization",CMTDIE,CMTDI,"autosomal dominant",2011,614455,https://doi.org/10.1056/NEJMoa1109122,"INF2 Mutations in Charcot-Marie-Tooth Disease with Glomerulopathy"
INSC,"INSC spindle orientation adaptor protein",,0,0,11p15.2,AD,"Unclassified Subtypes",2024,HGNC:33116,ENSG00000188487,387755,610668,Q1MX18,NM_001031853,NM_001042536.3,ENST00000379556.8,chr11:15112424-15247208,chr11:15133970-15268754,,https://www.ncbi.nlm.nih.gov/clinvar/?term=INSC%5Bgene%5D%20AND%20%28%22clinsig%20pathogenic%22%5BProperties%5D%20OR%20%22clinsig%20likely%20pathogenic%22%5BProperties%5D%29,https://gnomad.broadinstitute.org/gene/ENSG00000188487,,,,,,,,,0,"May function as an adapter linking the Par3 complex to the GPSM1/GPSM2 complex. Involved in spindle orientation during mitosis. May regulate cell proliferation and differentiation in the developing nervous system. May play a role in the asymmetric division of fibroblasts and participate in the process of stratification of the squamous epithelium (By similarity)",CMT-INSC,"Unclassified Subtypes","autosomal dominant",2024,,https://doi.org/10.1038/s44321-024-00062-w,"A missense mutation in human INSC causes peripheral neuropathy."
ITPR3,"inositol 1,4,5-trisphosphate receptor type 3",IP3R3,0,0,6p21.31,AD,CMT1,2020,HGNC:6182,ENSG00000096433,3710,147267,Q14573,NM_002224,NM_002224.4,ENST00000605930.3,chr6:33620331-33696575,chr6:33588142-33664351,https://search.clinicalgenome.org/CCID:009253,https://www.ncbi.nlm.nih.gov/clinvar/?term=ITPR3%5Bgene%5D%20AND%20%28%22clinsig%20pathogenic%22%5BProperties%5D%20OR%20%22clinsig%20likely%20pathogenic%22%5BProperties%5D%29,https://gnomad.broadinstitute.org/gene/ENSG00000096433,https://panelapp.genomicsengland.co.uk/panels/846/gene/ITPR3/,https://search.clinicalgenome.org/kb/gene-validity/CGGV:assertion_52136e55-cdc4-4bc2-a265-cacda8b269f2-2026-03-31T160000.000Z,Definitive,"Charcot-Marie-Tooth disease, demyelinating, type 1J",MONDO:0859311,,,,0,"Inositol 1,4,5-trisphosphate-gated calcium channel that, upon 1D-myo-inositol 1,4,5-trisphosphate binding, transports calcium from the endoplasmic reticulum lumen to cytoplasm, thus releasing the intracellular calcium and therefore participates in cellular calcium ion homeostasis. 1D-myo-inositol 1,4,5-trisphosphate binds to the ligand-free channel without altering its global conformation, yielding the low-energy resting state, then progresses through resting-to preactivated transitions to the higher energy preactivated state, which increases affinity for calcium, promoting binding of the low basal cytosolic calcium at the juxtamembrane domain (JD) site, favoring the transition through the ensemble of high-energy intermediate states along the trajectory to the fully-open activated state. Upon opening, releases calcium in the cytosol where it can bind to the low-affinity cytoplasmic domain (CD) site and stabilizes the inhibited state to terminate calcium release",CMT1J,CMT1,"autosomal dominant",2020,620111,https://doi.org/10.1002/acn3.51190,"Dominant Mutations in ITPR3 Cause Charcot-Marie-Tooth Disease"
JAG1,"jagged canonical Notch ligand 1","AHD; AWS; HJ1; CD339",0,0,20p12.2,AD,CMT2,2020,HGNC:6188,ENSG00000101384,182,601920,P78504,NM_000214,NM_000214.3,ENST00000254958.10,chr20:10637684-10674396,chr20:10625847-10627014,,https://www.ncbi.nlm.nih.gov/clinvar/?term=JAG1%5Bgene%5D%20AND%20%28%22clinsig%20pathogenic%22%5BProperties%5D%20OR%20%22clinsig%20likely%20pathogenic%22%5BProperties%5D%29,https://gnomad.broadinstitute.org/gene/ENSG00000101384,https://panelapp.genomicsengland.co.uk/panels/846/gene/JAG1/,,,,,https://dosage.clinicalgenome.org/clingen_gene.cgi?sym=JAG1,3,,0,"Ligand for multiple Notch receptors and involved in the mediation of Notch signaling. May be involved in cell-fate decisions during hematopoiesis. Seems to be involved in early and late stages of mammalian cardiovascular development. Inhibits myoblast differentiation (By similarity). Enhances fibroblast growth factor-induced angiogenesis (in vitro)",CMT2HH,CMT2,"autosomal dominant",2020,619574,https://doi.org/10.1172/JCI128152,"Dominant Mutations of the Notch Ligand Jagged1 Cause Peripheral Neuropathy"
KARS1,"lysyl-tRNA synthetase 1",,1,0,16q23.1,,Candidate,2024,HGNC:6215,ENSG00000065427,3735,601421,Q15046,NM_005548,NM_005548.3,ENST00000302445.8,chr16:75624160-75648663,chr16:75661622-75682541,,https://www.ncbi.nlm.nih.gov/clinvar/?term=KARS1%5Bgene%5D%20AND%20%28%22clinsig%20pathogenic%22%5BProperties%5D%20OR%20%22clinsig%20likely%20pathogenic%22%5BProperties%5D%29,https://gnomad.broadinstitute.org/gene/ENSG00000065427,https://panelapp.genomicsengland.co.uk/panels/846/gene/KARS/,,,,,,,,0,"Catalyzes the specific attachment of an amino acid to its cognate tRNA in a 2 step reaction: the amino acid (AA) is first activated by ATP to form AA-AMP and then transferred to the acceptor end of the tRNA. When secreted, acts as a signaling molecule that induces immune response through the activation of monocyte/macrophages. Catalyzes the synthesis of the signaling molecule diadenosine tetraphosphate (Ap4A), and thereby mediates disruption of the complex between HINT1 and MITF and the concomitant activation of MITF transcriptional activity",CMTRIB,Candidate,,2024,,,
KCTD11,"potassium channel tetramerization domain containing 11",C17ORF36,0,0,17p13.1,AR,CMTRI,2025,HGNC:21302,ENSG00000213859,147040,609848,Q693B1,NM_001002914,NM_001363642.1,ENST00000333751.8,chr17:7351889-7354944,chr17:7255208-7258258,,https://www.ncbi.nlm.nih.gov/clinvar/?term=KCTD11%5Bgene%5D%20AND%20%28%22clinsig%20pathogenic%22%5BProperties%5D%20OR%20%22clinsig%20likely%20pathogenic%22%5BProperties%5D%29,https://gnomad.broadinstitute.org/gene/ENSG00000213859,,,,,,,,,0,"Plays a role as a marker and a regulator of neuronal differentiation; Up-regulated by a variety of neurogenic signals, such as retinoic acid, epidermal growth factor/EGF and NGFB/nerve growth factor. Induces apoptosis, growth arrest and the expression of cyclin-dependent kinase inhibitor CDKN1B. Plays a role as a tumor repressor and inhibits cell growth and tumorigenicity of medulloblastoma (MDB). Acts as a probable substrate-specific adapter for a BCR (BTB-CUL3-RBX1) E3 ubiquitin-protein ligase complex towards HDAC1. Functions as antagonist of the Hedgehog pathway on cell proliferation and differentiation by affecting the nuclear transfer of transcription factor GLI1, thus maintaining cerebellar granule cells in undifferentiated state, this effect probably occurs via HDAC1 down-regulation, keeping GLI1 acetylated and inactive. When knock-down, Hedgehog antagonism is impaired and proliferation of granule cells is sustained. Activates the caspase cascade",CMTRIE,CMTRI,"autosomal recessive",2025,,https://doi.org/10.1101/2025.06.30.661538,"Bi-allelic Mutations in KCTD11 Cause a New Form of Autosomal Recessive Intermediate Charcot-Marie-Tooth Disease"
KIF1A,"kinesin family member 1A",,0,0,2q37.3,AR,HSN,2011,HGNC:888,ENSG00000130294,547,601255,Q12756,NM_138483,NM_001244008.2,ENST00000498729.9,chr2:240713761-240824320,chr2:241653181-241759725,,https://www.ncbi.nlm.nih.gov/clinvar/?term=KIF1A%5Bgene%5D%20AND%20%28%22clinsig%20pathogenic%22%5BProperties%5D%20OR%20%22clinsig%20likely%20pathogenic%22%5BProperties%5D%29,https://gnomad.broadinstitute.org/gene/ENSG00000130294,https://panelapp.genomicsengland.co.uk/panels/846/gene/KIF1A/,,,,,,,,0,"Kinesin motor with a plus-end-directed microtubule motor activity (By similarity). It is required for anterograde axonal transport of synaptic vesicle precursors. Also required for neuronal dense core vesicles (DCVs) transport to the dendritic spines and axons. The interaction calcium-dependent with CALM1 increases vesicle motility and interaction with the scaffolding proteins PPFIA2 and TANC2 recruits DCVs to synaptic sites",HSN-2C,HSN,"autosomal recessive",2011,614213,https://doi.org/10.1016/j.ajhg.2011.06.013,"KIF1A, an Axonal Transporter of Synaptic Vesicles, is Mutated in Hereditary Sensory and Autonomic Neuropathy Type 2"
KIF5A,"kinesin family member 5A",,0,0,12q13.3,AD,"Unclassified Subtypes",2018,HGNC:6323,ENSG00000155980,3798,602821,Q12840,NM_004984,NM_004984.4,ENST00000455537.7,chr12:57546026-57586633,chr12:57943781-57980415,https://search.clinicalgenome.org/CCID:005232,https://www.ncbi.nlm.nih.gov/clinvar/?term=KIF5A%5Bgene%5D%20AND%20%28%22clinsig%20pathogenic%22%5BProperties%5D%20OR%20%22clinsig%20likely%20pathogenic%22%5BProperties%5D%29,https://gnomad.broadinstitute.org/gene/ENSG00000155980,https://panelapp.genomicsengland.co.uk/panels/846/gene/KIF5A/,https://search.clinicalgenome.org/kb/gene-validity/CGGV:assertion_aad7dc3e-b664-4ffb-af0f-4eba346b43e7-2023-07-12T160000.000Z,Definitive,"inherited neurodegenerative disorder",MONDO:0024237,,,,0,"Microtubule-dependent motor required for slow axonal transport of neurofilament proteins (NFH, NFM and NFL). Can induce formation of neurite-like membrane protrusions in non-neuronal cells in a ZFYVE27-dependent manner. The ZFYVE27-KIF5A complex contributes to the vesicular transport of VAPA, VAPB, SURF4, RAB11A, RAB11B and RTN3 proteins in neurons. Required for anterograde axonal transportation of MAPK8IP3/JIP3 which is essential for MAPK8IP3/JIP3 function in axon elongation",CMT-KIF5A,"Unclassified Subtypes","autosomal dominant",2018,,https://doi.org/10.1007/s13258-017-0612-x,"Wide Phenotypic Spectrum in Axonal Charcot-Marie-Tooth Neuropathy Type 2 Patients with KIF5A Mutations"
LITAF,"lipopolysaccharide induced TNF factor","PIG7; SIMPLE; FLJ38636; TP53I7",0,0,16p13.13,AD,CMT1,2003,HGNC:16841,ENSG00000189067,9516,603795,Q99732,NM_004862,NM_001136472.2,ENST00000622633.5,chr16:11546224-11640269,chr16:11641853-11730237,https://search.clinicalgenome.org/CCID:005288,https://www.ncbi.nlm.nih.gov/clinvar/?term=LITAF%5Bgene%5D%20AND%20%28%22clinsig%20pathogenic%22%5BProperties%5D%20OR%20%22clinsig%20likely%20pathogenic%22%5BProperties%5D%29,https://gnomad.broadinstitute.org/gene/ENSG00000189067,https://panelapp.genomicsengland.co.uk/panels/846/gene/LITAF/,https://search.clinicalgenome.org/kb/gene-validity/CGGV:assertion_e7106097-314c-487a-9770-b7dea3f25f37-2026-07-29T160000.000Z,Definitive,"Charcot-Marie-Tooth disease",MONDO:0015626,,,,0,"Plays a role in endosomal protein trafficking and in targeting proteins for lysosomal degradation. Plays a role in targeting endocytosed EGFR and ERGG3 for lysosomal degradation, and thereby helps down-regulate downstream signaling cascades. Helps recruit the ESCRT complex components TSG101, HGS and STAM to cytoplasmic membranes. Probably plays a role in regulating protein degradation via its interaction with NEDD4. May also contribute to the regulation of gene expression in the nucleus. Binds DNA (in vitro) and may play a synergistic role with STAT6 in the nucleus in regulating the expression of various cytokines. May regulate the expression of numerous cytokines, such as TNF, CCL2, CCL5, CXCL1, IL1A and IL10",CMT1C,CMT1,"autosomal dominant",2003,601098,https://doi.org/10.1212/wnl.60.1.22,"Mutation of a Putative Protein Degradation Gene LITAF/SIMPLE in Charcot-Marie-Tooth Disease 1C"
LMNA,"lamin A/C","LMN1; CMD1A; LGMD1B; PRO1; LMNL1",0,0,1q22,AR,CMT2,2002,HGNC:6636,ENSG00000160789,4000,150330,P02545,NM_170707,NM_170707.4,ENST00000368300.9,chr1:156082572-156140085,chr1:156052364-156109880,,https://www.ncbi.nlm.nih.gov/clinvar/?term=LMNA%5Bgene%5D%20AND%20%28%22clinsig%20pathogenic%22%5BProperties%5D%20OR%20%22clinsig%20likely%20pathogenic%22%5BProperties%5D%29,https://gnomad.broadinstitute.org/gene/ENSG00000160789,https://panelapp.genomicsengland.co.uk/panels/846/gene/LMNA/,,,,,https://dosage.clinicalgenome.org/clingen_gene.cgi?sym=LMNA,3,,0,"Lamins are intermediate filament proteins that assemble into a filamentous meshwork, and which constitute the major components of the nuclear lamina, a fibrous layer on the nucleoplasmic side of the inner nuclear membrane. Lamins provide a framework for the nuclear envelope, bridging the nuclear envelope and chromatin, thereby playing an important role in nuclear assembly, chromatin organization, nuclear membrane and telomere dynamics. Lamin A and C also regulate matrix stiffness by conferring nuclear mechanical properties. The structural integrity of the lamina is strictly controlled by the cell cycle, as seen by the disintegration and formation of the nuclear envelope in prophase and telophase, respectively. Lamin A and C are present in equal amounts in the lamina of mammals. Also involved in DNA repair: recruited by DNA repair proteins XRCC4 and IFFO1 to the DNA double-strand breaks (DSBs) to prevent chromosome translocation by immobilizing broken DNA ends. Required for normal development of peripheral nervous system and skeletal muscle and for muscle satellite cell proliferation. Required for osteoblastogenesis and bone formation. Also prevents fat infiltration of muscle and bone marrow, helping to maintain the volume and strength of skeletal muscle and bone. Required for cardiac homeostasis",CMT2B1,CMT2,"autosomal recessive",2002,605588,https://doi.org/10.1086/339274,"Homozygous Defects in LMNA, Encoding Lamin A/C Nuclear-Envelope Proteins, Cause Autosomal Recessive Axonal Neuropathy in Human (Charcot-Marie-Tooth Disorder Type 2) and Mouse"
LRP12,"LDL receptor related protein 12",ST7,0,0,8q22.3,AD,"Unclassified Subtypes",2025,HGNC:31708,ENSG00000147650,29967,618299,Q9Y561,NM_013437,NM_013437.5,ENST00000276654.10,chr8:104487485-104589292,chr8:105501459-105601252,,https://www.ncbi.nlm.nih.gov/clinvar/?term=LRP12%5Bgene%5D%20AND%20%28%22clinsig%20pathogenic%22%5BProperties%5D%20OR%20%22clinsig%20likely%20pathogenic%22%5BProperties%5D%29,https://gnomad.broadinstitute.org/gene/ENSG00000147650,https://panelapp.genomicsengland.co.uk/panels/846/gene/LRP12/,,,,,,,,0,"Probable receptor, which may be involved in the internalization of lipophilic molecules and/or signal transduction. May act as a tumor suppressor",CMT-LRP12,"Unclassified Subtypes","autosomal dominant",2025,,https://doi.org/10.1136/jnnp-2024-333403,"Linking LRP12 CGG Repeat Expansion to Inherited Peripheral Neuropathy."
LRSAM1,"leucine rich repeat and sterile alpha motif containing 1","FLJ31641; RIFLE; TAL",0,0,9q33.3-q34.11,AD|AR,CMT2,2010,HGNC:25135,ENSG00000148356,90678,610933,Q6UWE0,NM_138361,NM_001005373.4,ENST00000300417.11,chr9:127451469-127503503,chr9:130213765-130265780,https://search.clinicalgenome.org/CCID:005306,https://www.ncbi.nlm.nih.gov/clinvar/?term=LRSAM1%5Bgene%5D%20AND%20%28%22clinsig%20pathogenic%22%5BProperties%5D%20OR%20%22clinsig%20likely%20pathogenic%22%5BProperties%5D%29,https://gnomad.broadinstitute.org/gene/ENSG00000148356,https://panelapp.genomicsengland.co.uk/panels/846/gene/LRSAM1/,https://search.clinicalgenome.org/kb/gene-validity/CGGV:assertion_82dac4c0-801f-4704-b59d-0a9441423d5a-2023-11-28T170000.000Z,Definitive,"Charcot-Marie-Tooth disease axonal type 2P",MONDO:0013753,,,,0,"E3 ubiquitin-protein ligase that mediates monoubiquitination of TSG101 at multiple sites, leading to inactivate the ability of TSG101 to sort endocytic (EGF receptors) and exocytic (HIV-1 viral proteins) cargos. Bacterial recognition protein that defends the cytoplasm from invasive pathogens. Localizes to several intracellular bacterial pathogens and generates the bacteria-associated ubiquitin signal leading to autophagy-mediated intracellular bacteria degradation (xenophagy)",CMT2P,CMT2,"autosomal dominant or autosomal recessive",2010,614436,https://doi.org/10.1371/journal.pgen.1001081,"Mutation in the Gene Encoding Ubiquitin Ligase LRSAM1 in Patients with Charcot-Marie-Tooth Disease"
MARS1,"methionyl-tRNA synthetase 1",,1,0,12q13.3,,Candidate,2024,HGNC:6898,ENSG00000166986,4141,156560,P56192,NM_004990,NM_004990.4,ENST00000262027.10,chr12:57475445-57517702,chr12:57869228-57911352,https://search.clinicalgenome.org/CCID:005337,https://www.ncbi.nlm.nih.gov/clinvar/?term=MARS1%5Bgene%5D%20AND%20%28%22clinsig%20pathogenic%22%5BProperties%5D%20OR%20%22clinsig%20likely%20pathogenic%22%5BProperties%5D%29,https://gnomad.broadinstitute.org/gene/ENSG00000166986,https://panelapp.genomicsengland.co.uk/panels/846/gene/MARS/,https://search.clinicalgenome.org/kb/gene-validity/CGGV:assertion_8f042c42-893b-4c98-a719-0f778a54be43-2026-08-08T160000.000Z,Limited,"Charcot-Marie-Tooth disease",MONDO:0015626,,,,1,"Catalyzes the specific attachment of L-methionine to its cognate tRNA in a 2 step reaction: the amino acid (AA) is first activated by ATP to form AA-AMP and then transferred to the acceptor end of the tRNA. Plays a role in the synthesis of ribosomal RNA in the nucleolus. In addition, can prevent the misincorporation of homocysteine into tRNA and protein by catalyzing a tRNA-independent hydrolysis of the misactivated homocysteinyl-AMP intermediate. The homocysteinyl-AMP intermediate undergoes an intramolecular cyclization reaction in which the thiolate side chain of homocysteine displaces the AMP group, forming homocysteine-thiolactone and AMP (By similarity)",CMT2U,Candidate,,2024,,,
MCM3AP,"minichromosome maintenance complex component 3 associated protein",,0,0,21q22.3,AR,"Unclassified Subtypes",2017,HGNC:6946,ENSG00000160294,8888,603294,O60318,NM_003906,NM_003906.5,ENST00000291688.6,chr21:46232689-46286617,chr21:47655047-47706211,https://search.clinicalgenome.org/CCID:005352,https://www.ncbi.nlm.nih.gov/clinvar/?term=MCM3AP%5Bgene%5D%20AND%20%28%22clinsig%20pathogenic%22%5BProperties%5D%20OR%20%22clinsig%20likely%20pathogenic%22%5BProperties%5D%29,https://gnomad.broadinstitute.org/gene/ENSG00000160294,https://panelapp.genomicsengland.co.uk/panels/846/gene/MCM3AP/,https://search.clinicalgenome.org/kb/gene-validity/CGGV:assertion_24bcbb92-9401-4659-beea-022646ee8930-2023-05-05T160000.000Z,Definitive,"peripheral neuropathy, autosomal recessive, with or without impaired intellectual development",MONDO:0029131,,,,0,"As a component of the TREX-2 complex, involved in the export of mRNAs to the cytoplasm through the nuclear pores. Through the acetylation of histones, affects the assembly of nucleosomes at immunoglobulin variable region genes and promotes the recruitment and positioning of transcription complex to favor DNA cytosine deaminase AICDA/AID targeting, hence promoting somatic hypermutations",CMT-MCM3AP,"Unclassified Subtypes","autosomal recessive",2017,618124,https://doi.org/10.1093/brain/awx138,"MCM3AP in Recessive Charcot-Marie-Tooth Neuropathy and Mild Intellectual Disability"
MFN2,"mitofusin 2","CPRP1; KIAA0214; MARF",0,0,1p36.22,AD|AR,CMT2|HMSN,2004,HGNC:16877,ENSG00000116688,9927,608507,O95140,NM_014874,NM_014874.4,ENST00000235329.10,chr1:11980181-12015211,chr1:12040238-12073571,https://search.clinicalgenome.org/CCID:005380,https://www.ncbi.nlm.nih.gov/clinvar/?term=MFN2%5Bgene%5D%20AND%20%28%22clinsig%20pathogenic%22%5BProperties%5D%20OR%20%22clinsig%20likely%20pathogenic%22%5BProperties%5D%29,https://gnomad.broadinstitute.org/gene/ENSG00000116688,https://panelapp.genomicsengland.co.uk/panels/846/gene/MFN2/,https://search.clinicalgenome.org/kb/gene-validity/CGGV:assertion_a04350b3-5fe9-438a-9e90-db0055ed15e7-2026-08-08T160000.000Z,Definitive,"Charcot-Marie-Tooth disease type 2A2",MONDO:0012231,,,,0,"Mitochondrial outer membrane GTPase that mediates mitochondrial clustering and fusion. Mitochondria are highly dynamic organelles, and their morphology is determined by the equilibrium between mitochondrial fusion and fission events. Overexpression induces the formation of mitochondrial networks. Membrane clustering requires GTPase activity and may involve a major rearrangement of the coiled coil domains (Probable). Plays a central role in mitochondrial metabolism and may be associated with obesity and/or apoptosis processes (By similarity). Plays an important role in the regulation of vascular smooth muscle cell proliferation (By similarity). Involved in the clearance of damaged mitochondria via selective autophagy (mitophagy). Is required for PRKN recruitment to dysfunctional mitochondria. Involved in the control of unfolded protein response (UPR) upon ER stress including activation of apoptosis and autophagy during ER stress (By similarity). Acts as an upstream regulator of EIF2AK3 and suppresses EIF2AK3 activation under basal conditions (By similarity)",CMT2A,CMT2,"autosomal dominant",2004,609260,https://doi.org/10.1038/ng1341,"Mutations in the Mitochondrial GTPase Mitofusin 2 Cause Charcot-Marie-Tooth Neuropathy Type 2A"
MFN2,"mitofusin 2","CPRP1; KIAA0214; MARF",0,0,1p36.22,AD|AR,CMT2|HMSN,2004,HGNC:16877,ENSG00000116688,9927,608507,O95140,NM_014874,NM_014874.4,ENST00000235329.10,chr1:11980181-12015211,chr1:12040238-12073571,https://search.clinicalgenome.org/CCID:005380,https://www.ncbi.nlm.nih.gov/clinvar/?term=MFN2%5Bgene%5D%20AND%20%28%22clinsig%20pathogenic%22%5BProperties%5D%20OR%20%22clinsig%20likely%20pathogenic%22%5BProperties%5D%29,https://gnomad.broadinstitute.org/gene/ENSG00000116688,https://panelapp.genomicsengland.co.uk/panels/846/gene/MFN2/,https://search.clinicalgenome.org/kb/gene-validity/CGGV:assertion_a04350b3-5fe9-438a-9e90-db0055ed15e7-2026-08-08T160000.000Z,Definitive,"Charcot-Marie-Tooth disease type 2A2",MONDO:0012231,,,,0,"Mitochondrial outer membrane GTPase that mediates mitochondrial clustering and fusion. Mitochondria are highly dynamic organelles, and their morphology is determined by the equilibrium between mitochondrial fusion and fission events. Overexpression induces the formation of mitochondrial networks. Membrane clustering requires GTPase activity and may involve a major rearrangement of the coiled coil domains (Probable). Plays a central role in mitochondrial metabolism and may be associated with obesity and/or apoptosis processes (By similarity). Plays an important role in the regulation of vascular smooth muscle cell proliferation (By similarity). Involved in the clearance of damaged mitochondria via selective autophagy (mitophagy). Is required for PRKN recruitment to dysfunctional mitochondria. Involved in the control of unfolded protein response (UPR) upon ER stress including activation of apoptosis and autophagy during ER stress (By similarity). Acts as an upstream regulator of EIF2AK3 and suppresses EIF2AK3 activation under basal conditions (By similarity)",HMSN-6A,HMSN,"autosomal dominant",2006,601152,https://doi.org/10.1002/ana.20797,"Axonal Neuropathy with Optic Atrophy is Caused by Mutations in Mitofusin 2."
MFN2,"mitofusin 2","CPRP1; KIAA0214; MARF",0,0,1p36.22,AD|AR,CMT2|HMSN,2004,HGNC:16877,ENSG00000116688,9927,608507,O95140,NM_014874,NM_014874.4,ENST00000235329.10,chr1:11980181-12015211,chr1:12040238-12073571,https://search.clinicalgenome.org/CCID:005380,https://www.ncbi.nlm.nih.gov/clinvar/?term=MFN2%5Bgene%5D%20AND%20%28%22clinsig%20pathogenic%22%5BProperties%5D%20OR%20%22clinsig%20likely%20pathogenic%22%5BProperties%5D%29,https://gnomad.broadinstitute.org/gene/ENSG00000116688,https://panelapp.genomicsengland.co.uk/panels/846/gene/MFN2/,https://search.clinicalgenome.org/kb/gene-validity/CGGV:assertion_a04350b3-5fe9-438a-9e90-db0055ed15e7-2026-08-08T160000.000Z,Definitive,"Charcot-Marie-Tooth disease type 2A2",MONDO:0012231,,,,0,"Mitochondrial outer membrane GTPase that mediates mitochondrial clustering and fusion. Mitochondria are highly dynamic organelles, and their morphology is determined by the equilibrium between mitochondrial fusion and fission events. Overexpression induces the formation of mitochondrial networks. Membrane clustering requires GTPase activity and may involve a major rearrangement of the coiled coil domains (Probable). Plays a central role in mitochondrial metabolism and may be associated with obesity and/or apoptosis processes (By similarity). Plays an important role in the regulation of vascular smooth muscle cell proliferation (By similarity). Involved in the clearance of damaged mitochondria via selective autophagy (mitophagy). Is required for PRKN recruitment to dysfunctional mitochondria. Involved in the control of unfolded protein response (UPR) upon ER stress including activation of apoptosis and autophagy during ER stress (By similarity). Acts as an upstream regulator of EIF2AK3 and suppresses EIF2AK3 activation under basal conditions (By similarity)",CMT2B4,CMT2,"autosomal recessive",2008,"No Entry",https://doi.org/10.1212/01.wnl.0000311275.89032.22,"Severe Early-Onset Axonal Neuropathy with Homozygous and Compound Heterozygous MFN2 Mutations"
MFN2,"mitofusin 2","CPRP1; KIAA0214; MARF",0,0,1p36.22,AD|AR,CMT2|HMSN,2004,HGNC:16877,ENSG00000116688,9927,608507,O95140,NM_014874,NM_014874.4,ENST00000235329.10,chr1:11980181-12015211,chr1:12040238-12073571,https://search.clinicalgenome.org/CCID:005380,https://www.ncbi.nlm.nih.gov/clinvar/?term=MFN2%5Bgene%5D%20AND%20%28%22clinsig%20pathogenic%22%5BProperties%5D%20OR%20%22clinsig%20likely%20pathogenic%22%5BProperties%5D%29,https://gnomad.broadinstitute.org/gene/ENSG00000116688,https://panelapp.genomicsengland.co.uk/panels/846/gene/MFN2/,https://search.clinicalgenome.org/kb/gene-validity/CGGV:assertion_a04350b3-5fe9-438a-9e90-db0055ed15e7-2026-08-08T160000.000Z,Definitive,"Charcot-Marie-Tooth disease type 2A2",MONDO:0012231,,,,0,"Mitochondrial outer membrane GTPase that mediates mitochondrial clustering and fusion. Mitochondria are highly dynamic organelles, and their morphology is determined by the equilibrium between mitochondrial fusion and fission events. Overexpression induces the formation of mitochondrial networks. Membrane clustering requires GTPase activity and may involve a major rearrangement of the coiled coil domains (Probable). Plays a central role in mitochondrial metabolism and may be associated with obesity and/or apoptosis processes (By similarity). Plays an important role in the regulation of vascular smooth muscle cell proliferation (By similarity). Involved in the clearance of damaged mitochondria via selective autophagy (mitophagy). Is required for PRKN recruitment to dysfunctional mitochondria. Involved in the control of unfolded protein response (UPR) upon ER stress including activation of apoptosis and autophagy during ER stress (By similarity). Acts as an upstream regulator of EIF2AK3 and suppresses EIF2AK3 activation under basal conditions (By similarity)",CMT2A2B,CMT2,"autosomal recessive",2011,617097,https://doi.org/10.1212/WNL.0b013e3182242d4d,"Recessive Axonal Charcot-Marie-Tooth Disease Due to Compound Heterozygous Mitofusin 2 Mutations"
MME,"membrane metalloendopeptidase","CALLA; CD10; NEP",0,0,3q25.2,AD|AR,CMT2,2016,HGNC:7154,ENSG00000196549,4311,120520,P08473,NM_000902,NM_007289.4,ENST00000360490.7,chr3:155024124-155183813,chr3:154741913-154901497,https://search.clinicalgenome.org/CCID:005399,https://www.ncbi.nlm.nih.gov/clinvar/?term=MME%5Bgene%5D%20AND%20%28%22clinsig%20pathogenic%22%5BProperties%5D%20OR%20%22clinsig%20likely%20pathogenic%22%5BProperties%5D%29,https://gnomad.broadinstitute.org/gene/ENSG00000196549,https://panelapp.genomicsengland.co.uk/panels/846/gene/MME/,https://search.clinicalgenome.org/kb/gene-validity/CGGV:assertion_6d426d95-70b5-4537-809f-9f2520fc39e9-2026-08-08T160000.000Z,Definitive,"Charcot-Marie-Tooth disease type 2T",MONDO:0044640,,,,1,"Thermolysin-like specificity, but is almost confined on acting on polypeptides of up to 30 amino acids. Biologically important in the destruction of opioid peptides such as Met- and Leu-enkephalins by cleavage of a Gly-Phe bond. Catalyzes cleavage of bradykinin, substance P and neurotensin peptides. Able to cleave angiotensin-1, angiotensin-2 and angiotensin 1-9. Involved in the degradation of atrial natriuretic factor (ANF) and brain natriuretic factor (BNP(1-32)). Displays UV-inducible elastase activity toward skin preelastic and elastic fibers",CMT2T,CMT2,"autosomal dominant or autosomal recessive",2016,617017,https://doi.org/10.1002/ana.24612,"Mutations in MME cause an autosomal-recessive Charcot-Marie-Tooth disease type 2."
MORC2,"MORC family CW-type zinc finger 2","ZCW3; KIAA0852; AC004542.C22.1",0,0,22q12.2,AD,CMT2,2016,HGNC:23573,ENSG00000133422,22880,616661,Q9Y6X9,NM_014941,NM_001303256.3,ENST00000397641.8,chr22:30925130-30969662,chr22:31321117-31364284,https://search.clinicalgenome.org/CCID:005407,https://www.ncbi.nlm.nih.gov/clinvar/?term=MORC2%5Bgene%5D%20AND%20%28%22clinsig%20pathogenic%22%5BProperties%5D%20OR%20%22clinsig%20likely%20pathogenic%22%5BProperties%5D%29,https://gnomad.broadinstitute.org/gene/ENSG00000133422,https://panelapp.genomicsengland.co.uk/panels/846/gene/MORC2/,https://search.clinicalgenome.org/kb/gene-validity/CGGV:assertion_e3d5168d-b00c-475c-a696-d740675fbc84-2023-05-05T160000.000Z,Definitive,"Charcot-Marie-Tooth disease axonal type 2Z",MONDO:0014736,,,,1,"ATP-dependent chromatin remodeler essential for epigenetic silencing by the HUSH (human silencing hub) complex. Recruited by HUSH to target site in heterochromatin, the ATPase activity and homodimerization are critical for HUSH-mediated silencing. Represses germ cell-related genes and L1 retrotransposons in collaboration with SETDB1 and the HUSH complex, the silencing is dependent of repressive epigenetic modifications, such as H3K9me3 mark. Silencing events often occur within introns of transcriptionally active genes, and lead to the down-regulation of host gene expression. During DNA damage response, regulates chromatin remodeling through ATP hydrolysis. Upon DNA damage, is phosphorylated by PAK1, both colocalize to chromatin and induce H2AX expression. ATPase activity is required and dependent of phosphorylation by PAK1 and presence of DNA. Recruits histone deacetylases, such as HDAC4, to promoter regions, causing local histone H3 deacetylation and transcriptional repression of genes such as CA9. Exhibits a cytosolic function in lipogenesis, adipogenic differentiation, and lipid homeostasis by increasing the activity of ACLY, possibly preventing its dephosphorylation. Together with MPHOSPH8, mediates silencing of protocadherin genes in the nervous system (By similarity)",CMT2Z,CMT2,"autosomal dominant",2016,616688,https://doi.org/10.1002/ana.24575,"MORC2 Mutations Cause Axonal Charcot-Marie-Tooth Disease with Pyramidal Signs"
MPV17,"mitochondrial inner membrane protein MPV17",SYM1,0,0,2p23.3,AR,CMT2,2019,HGNC:7224,ENSG00000115204,4358,137960,P39210,NM_002437,NM_002437.5,ENST00000380044.6,chr2:27309486-27325680,chr2:27532360-27548547,,https://www.ncbi.nlm.nih.gov/clinvar/?term=MPV17%5Bgene%5D%20AND%20%28%22clinsig%20pathogenic%22%5BProperties%5D%20OR%20%22clinsig%20likely%20pathogenic%22%5BProperties%5D%29,https://gnomad.broadinstitute.org/gene/ENSG00000115204,https://panelapp.genomicsengland.co.uk/panels/846/gene/MPV17/,,,,,,,,0,"Non-selective channel that modulates the membrane potential under normal conditions and oxidative stress, and is involved in mitochondrial homeostasis. Involved in mitochondrial deoxynucleoside triphosphates (dNTP) pool homeostasis and mitochondrial DNA (mtDNA) maintenance. May be involved in the regulation of reactive oxygen species metabolism and the control of oxidative phosphorylation (By similarity)",CMT2EE,CMT2,"autosomal recessive",2019,618400,https://doi.org/10.1111/cge.13462,"MPV17 Mutations in Juvenile- and Adult-Onset Axonal Sensorimotor Polyneuropathy"
MPZ,"myelin protein zero",P₀,0,0,1q23.3,AD,CMT1|CMT2|CMTDI,1993,HGNC:7225,ENSG00000158887,4359,159440,P25189,NM_000530,NM_000530.8,ENST00000533357.5,chr1:161304735-161309974,chr1:161274525-161279762,https://search.clinicalgenome.org/CCID:005415,https://www.ncbi.nlm.nih.gov/clinvar/?term=MPZ%5Bgene%5D%20AND%20%28%22clinsig%20pathogenic%22%5BProperties%5D%20OR%20%22clinsig%20likely%20pathogenic%22%5BProperties%5D%29,https://gnomad.broadinstitute.org/gene/ENSG00000158887,https://panelapp.genomicsengland.co.uk/panels/846/gene/MPZ/,https://search.clinicalgenome.org/kb/gene-validity/CGGV:assertion_11f638d2-d8d2-4fe4-ab79-acff5cf32a18-2020-08-25T160000.000Z,Definitive,"Charcot-Marie-Tooth disease",MONDO:0015626,https://dosage.clinicalgenome.org/clingen_gene.cgi?sym=MPZ,2,1,0,"Is an adhesion molecule necessary for normal myelination in the peripheral nervous system. It mediates adhesion between adjacent myelin wraps and ultimately drives myelin compaction",CMT1B,CMT1,"autosomal dominant",1993,118200,https://doi.org/10.1038/ng0993-31,"Charcot-Marie-Tooth neuropathy type 1B is Associated with Mutations of the Myelin P0 Gene"
MPZ,"myelin protein zero",P₀,0,0,1q23.3,AD,CMT1|CMT2|CMTDI,1993,HGNC:7225,ENSG00000158887,4359,159440,P25189,NM_000530,NM_000530.8,ENST00000533357.5,chr1:161304735-161309974,chr1:161274525-161279762,https://search.clinicalgenome.org/CCID:005415,https://www.ncbi.nlm.nih.gov/clinvar/?term=MPZ%5Bgene%5D%20AND%20%28%22clinsig%20pathogenic%22%5BProperties%5D%20OR%20%22clinsig%20likely%20pathogenic%22%5BProperties%5D%29,https://gnomad.broadinstitute.org/gene/ENSG00000158887,https://panelapp.genomicsengland.co.uk/panels/846/gene/MPZ/,https://search.clinicalgenome.org/kb/gene-validity/CGGV:assertion_11f638d2-d8d2-4fe4-ab79-acff5cf32a18-2020-08-25T160000.000Z,Definitive,"Charcot-Marie-Tooth disease",MONDO:0015626,https://dosage.clinicalgenome.org/clingen_gene.cgi?sym=MPZ,2,1,0,"Is an adhesion molecule necessary for normal myelination in the peripheral nervous system. It mediates adhesion between adjacent myelin wraps and ultimately drives myelin compaction",CMT2I,CMT2,"autosomal dominant",1998,607677,https://doi.org/10.1212/wnl.50.5.1397,"Charcot-Marie-Tooth Disease Type 2 Associated with Mutation of the Myelin Protein Zero Gene"
MPZ,"myelin protein zero",P₀,0,0,1q23.3,AD,CMT1|CMT2|CMTDI,1993,HGNC:7225,ENSG00000158887,4359,159440,P25189,NM_000530,NM_000530.8,ENST00000533357.5,chr1:161304735-161309974,chr1:161274525-161279762,https://search.clinicalgenome.org/CCID:005415,https://www.ncbi.nlm.nih.gov/clinvar/?term=MPZ%5Bgene%5D%20AND%20%28%22clinsig%20pathogenic%22%5BProperties%5D%20OR%20%22clinsig%20likely%20pathogenic%22%5BProperties%5D%29,https://gnomad.broadinstitute.org/gene/ENSG00000158887,https://panelapp.genomicsengland.co.uk/panels/846/gene/MPZ/,https://search.clinicalgenome.org/kb/gene-validity/CGGV:assertion_11f638d2-d8d2-4fe4-ab79-acff5cf32a18-2020-08-25T160000.000Z,Definitive,"Charcot-Marie-Tooth disease",MONDO:0015626,https://dosage.clinicalgenome.org/clingen_gene.cgi?sym=MPZ,2,1,0,"Is an adhesion molecule necessary for normal myelination in the peripheral nervous system. It mediates adhesion between adjacent myelin wraps and ultimately drives myelin compaction",CMTDID,CMTDI,"autosomal dominant",1999,607791,https://doi.org/10.1136/jnnp.67.2.174,"Novel Mutation in the Myelin Protein Zero Gene in a Family with Intermediate Hereditary Motor and Sensory Neuropathy"
MPZ,"myelin protein zero",P₀,0,0,1q23.3,AD,CMT1|CMT2|CMTDI,1993,HGNC:7225,ENSG00000158887,4359,159440,P25189,NM_000530,NM_000530.8,ENST00000533357.5,chr1:161304735-161309974,chr1:161274525-161279762,https://search.clinicalgenome.org/CCID:005415,https://www.ncbi.nlm.nih.gov/clinvar/?term=MPZ%5Bgene%5D%20AND%20%28%22clinsig%20pathogenic%22%5BProperties%5D%20OR%20%22clinsig%20likely%20pathogenic%22%5BProperties%5D%29,https://gnomad.broadinstitute.org/gene/ENSG00000158887,https://panelapp.genomicsengland.co.uk/panels/846/gene/MPZ/,https://search.clinicalgenome.org/kb/gene-validity/CGGV:assertion_11f638d2-d8d2-4fe4-ab79-acff5cf32a18-2020-08-25T160000.000Z,Definitive,"Charcot-Marie-Tooth disease",MONDO:0015626,https://dosage.clinicalgenome.org/clingen_gene.cgi?sym=MPZ,2,1,0,"Is an adhesion molecule necessary for normal myelination in the peripheral nervous system. It mediates adhesion between adjacent myelin wraps and ultimately drives myelin compaction",CMT2J,CMT2,"autosomal dominant",2000,607736,https://doi.org/10.1136/jnnp.69.6.806,"An Axonal Form of Charcot-Marie-Tooth Disease Showing Distinctive Features in Association with Mutations in the Peripheral Myelin Protein Zero Gene (Thr124Met or Asp75Val)"
MT-ATP6,"mitochondrially encoded ATP synthase membrane subunit 6",,0,0,MT,Mito,"Unclassified Subtypes",2019,HGNC:7414,ENSG00000198899,4508,516060,P00846,YP_003024031,,,chrMT:8527-9207,chrMT:8527-9207,,https://www.ncbi.nlm.nih.gov/clinvar/?term=MT-ATP6%5Bgene%5D%20AND%20%28%22clinsig%20pathogenic%22%5BProperties%5D%20OR%20%22clinsig%20likely%20pathogenic%22%5BProperties%5D%29,https://gnomad.broadinstitute.org/gene/ENSG00000198899,https://panelapp.genomicsengland.co.uk/panels/846/gene/MT-ATP6/,,,,,,,,0,"Subunit a, of the mitochondrial membrane ATP synthase complex (F(1)F(0) ATP synthase or Complex V) that produces ATP from ADP in the presence of a proton gradient across the membrane which is generated by electron transport complexes of the respiratory chain (Probable). ATP synthase complex consist of a soluble F(1) head domain - the catalytic core - and a membrane F(1) domain - the membrane proton channel. These two domains are linked by a central stalk rotating inside the F(1) region and a stationary peripheral stalk. During catalysis, ATP synthesis in the catalytic domain of F(1) is coupled via a rotary mechanism of the central stalk subunits to proton translocation (Probable). With the subunit c (ATP5MC1), forms the proton-conducting channel in the F(0) domain, that contains two crucial half-channels (inlet and outlet) that facilitate proton movement from the mitochondrial intermembrane space (IMS) into the matrix. Protons are taken up via the inlet half-channel and released through the outlet half-channel, following a Grotthuss mechanism",CMT-ATP6,"Unclassified Subtypes","mitochondrial inheritance",2019,,https://doi.org/10.3233/JND-190400,"A MT-ATP6 Mutation Causes a Slowly Progressive Myeloneuropathy"
MT-TV,"mitochondrially encoded tRNA-Val (GUN)",,1,0,,,Candidate,2024,HGNC:7500,ENSG00000210077,4577,590105,,,,,chrMT:1602-1670,chrMT:1602-1670,,https://www.ncbi.nlm.nih.gov/clinvar/?term=MT-TV%5Bgene%5D%20AND%20%28%22clinsig%20pathogenic%22%5BProperties%5D%20OR%20%22clinsig%20likely%20pathogenic%22%5BProperties%5D%29,https://gnomad.broadinstitute.org/gene/ENSG00000210077,https://panelapp.genomicsengland.co.uk/panels/846/gene/MT-TV/,,,,,,,,0,,MT-TV,Candidate,,2024,,,
MTMR2,"myotubularin related protein 2",KIAA1073,0,0,11q21,AR,CMT4,2000,HGNC:7450,ENSG00000087053,8898,603557,Q13614,NM_016156,NM_016156.6,ENST00000346299.10,chr11:95821766-95925315,chr11:95566046-95658479,https://search.clinicalgenome.org/CCID:005499,https://www.ncbi.nlm.nih.gov/clinvar/?term=MTMR2%5Bgene%5D%20AND%20%28%22clinsig%20pathogenic%22%5BProperties%5D%20OR%20%22clinsig%20likely%20pathogenic%22%5BProperties%5D%29,https://gnomad.broadinstitute.org/gene/ENSG00000087053,https://panelapp.genomicsengland.co.uk/panels/846/gene/MTMR2/,https://search.clinicalgenome.org/kb/gene-validity/CGGV:assertion_44a837e2-ae06-4e4d-b7cf-ae2a3009b47d-2020-02-11T170000.000Z,Definitive,"demyelinating hereditary motor and sensory neuropathy",MONDO:0018776,,,,0,"Lipid phosphatase that specifically dephosphorylates the D-3 position of phosphatidylinositol 3-phosphate and phosphatidylinositol 3,5-bisphosphate, generating phosphatidylinositol and phosphatidylinositol 5-phosphate. Regulates the level of these phosphoinositides critical for various biological processes including autophagy initiation and autophagosome maturation",CMT4B1,CMT4,"autosomal recessive",2000,601382,https://doi.org/10.1038/75542,"Charcot-Marie-Tooth Type 4B is Caused by Mutations in the Gene Encoding Myotubularin-Related Protein-2"
MTRFR,"mitochondrial translation release factor in rescue",C12ORF65,0,0,12q24.31,AR,"Unclassified Subtypes",2014,HGNC:26784,ENSG00000130921,91574,613541,Q9H3J6,NM_152269,NM_152269.5,ENST00000253233.6,chr12:123232142-123258079,,,https://www.ncbi.nlm.nih.gov/clinvar/?term=MTRFR%5Bgene%5D%20AND%20%28%22clinsig%20pathogenic%22%5BProperties%5D%20OR%20%22clinsig%20likely%20pathogenic%22%5BProperties%5D%29,https://gnomad.broadinstitute.org/gene/ENSG00000130921,,,,,,,,,0,"Part of a mitoribosome-associated quality control pathway that prevents aberrant translation by responding to interruptions during elongation. As heterodimer with MTRES1, ejects the unfinished nascent chain and peptidyl transfer RNA (tRNA), respectively, from stalled ribosomes. Recruitment of mitoribosome biogenesis factors to these quality control intermediates suggests additional roles for MTRES1 and MTRF during mitoribosome rescue",CMT-MTRFR,"Unclassified Subtypes","autosomal recessive",2014,,https://doi.org/10.1136/jnnp-2013-306387,"Novel C12orf65 Mutations in Patients with Axonal Neuropathy and Optic Atrophy."
MYH14,"myosin heavy chain 14",,0,0,19q13.33,AD,dHMN/HMN,2017,HGNC:23212,ENSG00000105357,79784,608568,Q7Z406,NM_024729,NM_001145809.2,ENST00000642316.2,chr19:50188181-50310545,chr19:50691443-50813802,,https://www.ncbi.nlm.nih.gov/clinvar/?term=MYH14%5Bgene%5D%20AND%20%28%22clinsig%20pathogenic%22%5BProperties%5D%20OR%20%22clinsig%20likely%20pathogenic%22%5BProperties%5D%29,https://gnomad.broadinstitute.org/gene/ENSG00000105357,https://panelapp.genomicsengland.co.uk/panels/846/gene/MYH14/,,,,,https://dosage.clinicalgenome.org/clingen_gene.cgi?sym=MYH14,1,,0,"Cellular myosin that appears to play a role in cytokinesis, cell shape, and specialized functions such as secretion and capping",dHMN-MYH14,dHMN/HMN,"autosomal dominant",2017,614369,https://doi.org/10.1002/mus.25491,"Variable Phenotypic Expression and Onset in MYH14 Distal Hereditary Motor Neuropathy Phenotype in a Large, Multigenerational North American family"
MYO9B,"myosin IXB",MYR5,0,0,19p13.11,AD,"Unclassified Subtypes",2023,HGNC:7609,ENSG00000099331,4650,602129,Q13459,NM_001130065,NM_004145.4,ENST00000682292.1,chr19:17075728-17214537,chr19:17186591-17325346,,https://www.ncbi.nlm.nih.gov/clinvar/?term=MYO9B%5Bgene%5D%20AND%20%28%22clinsig%20pathogenic%22%5BProperties%5D%20OR%20%22clinsig%20likely%20pathogenic%22%5BProperties%5D%29,https://gnomad.broadinstitute.org/gene/ENSG00000099331,https://panelapp.genomicsengland.co.uk/panels/846/gene/MYO9B/,,,,,,,,1,"Myosins are actin-based motor molecules with ATPase activity. Unconventional myosins serve in intracellular movements. Binds actin with high affinity both in the absence and presence of ATP and its mechanochemical activity is inhibited by calcium ions. Also acts as a GTPase activator for RHOA. Plays a role in the regulation of cell migration via its role as RHOA GTPase activator. This is regulated by its interaction with the SLIT2 receptor ROBO1; interaction with ROBO1 impairs interaction with RHOA and subsequent activation of RHOA GTPase activity, and thereby leads to increased levels of active, GTP-bound RHOA",CMT-MYO9B,"Unclassified Subtypes","autosomal dominant",2023,,https://doi.org/10.1111/ene.15601,"Mutations in MYO9B are associated with Charcot-Marie-Tooth disease type 2 neuropathies and isolated optic atrophy"
NAGLU,N-acetyl-alpha-glucosaminidase,NAG,0,0,17q21.2,AD,CMT2,2015,HGNC:7632,ENSG00000108784,4669,609701,P54802,NM_000263,NM_000263.4,ENST00000225927.7,chr17:42536216-42544449,chr17:40688190-40696467,,https://www.ncbi.nlm.nih.gov/clinvar/?term=NAGLU%5Bgene%5D%20AND%20%28%22clinsig%20pathogenic%22%5BProperties%5D%20OR%20%22clinsig%20likely%20pathogenic%22%5BProperties%5D%29,https://gnomad.broadinstitute.org/gene/ENSG00000108784,https://panelapp.genomicsengland.co.uk/panels/846/gene/NAGLU/,,,,,,,,1,"Involved in the degradation of heparan sulfate",CMT2V,CMT2,"autosomal dominant",2015,616491,https://doi.org/10.1093/brain/awv074,"Adult-Onset Painful Axonal Polyneuropathy Caused by a Dominant NAGLU Mutation"
NAMPT,"nicotinamide phosphoribosyltransferase",PBEF1,0,0,7q22.3,AR,"Unclassified Subtypes",2025,HGNC:30092,ENSG00000105835,10135,608764,P43490,NM_182790,NM_005746.3,ENST00000222553.8,chr7:106248298-106291225,chr7:105888731-105926772,,https://www.ncbi.nlm.nih.gov/clinvar/?term=NAMPT%5Bgene%5D%20AND%20%28%22clinsig%20pathogenic%22%5BProperties%5D%20OR%20%22clinsig%20likely%20pathogenic%22%5BProperties%5D%29,https://gnomad.broadinstitute.org/gene/ENSG00000105835,,,,,,,,,0,"Catalyzes the condensation of nicotinamide with 5-phosphoribosyl-1-pyrophosphate to yield nicotinamide mononucleotide, an intermediate in the biosynthesis of NAD. It is the rate limiting component in the mammalian NAD biosynthesis pathway. The secreted form behaves both as a cytokine with immunomodulating properties and an adipokine with anti-diabetic properties, it has no enzymatic activity, partly because of lack of activation by ATP, which has a low level in extracellular space and plasma. Plays a role in the modulation of circadian clock function. NAMPT-dependent oscillatory production of NAD regulates oscillation of clock target gene expression by releasing the core clock component: CLOCK-BMAL1 heterodimer from NAD-dependent SIRT1-mediated suppression (By similarity)",CMT-NAMPT,"Unclassified Subtypes","autosomal recessive",2025,,https://doi.org/10.1126/sciadv.adx2407,"A Sensory and Motor Neuropathy Caused by a Genetic Variant of NAMPT"
NARS1,"asparaginyl-tRNA synthetase 1","ASNRS; NARS",0,0,18q21.31,AD,"Unclassified Subtypes",2024,HGNC:7643,ENSG00000134440,4677,108410,O43776,NM_004539,NM_004539.4,ENST00000256854.10,chr18:57589520-57622213,chr18:55267888-55289445,,https://www.ncbi.nlm.nih.gov/clinvar/?term=NARS1%5Bgene%5D%20AND%20%28%22clinsig%20pathogenic%22%5BProperties%5D%20OR%20%22clinsig%20likely%20pathogenic%22%5BProperties%5D%29,https://gnomad.broadinstitute.org/gene/ENSG00000134440,https://panelapp.genomicsengland.co.uk/panels/846/gene/NARS/,,,,,,,,0,"Catalyzes the attachment of asparagine to tRNA(Asn) in a two-step reaction: asparagine is first activated by ATP to form Asn-AMP and then transferred to the acceptor end of tRNA(Asn). In addition to its essential role in protein synthesis, acts as a signaling molecule that induced migration of CCR3-expressing cells. Has an essential role in the development of the cerebral cortex, being required for proper proliferation of radial glial cells",CMT-NARS1,"Unclassified Subtypes","autosomal dominant",2024,,https://doi.org/10.1093/braincomms/fcae070,"Dominant NARS1 mutations causing axonal Charcot-Marie-tooth disease expand NARS1-associated diseases"
NDRG1,"N-myc downstream regulated 1","CAP43; DRG1; RTP; TDD5; NDR1",0,0,8q24.22,AR,CMT4,2000,HGNC:7679,ENSG00000104419,10397,605262,Q92597,NM_001135242,NM_006096.4,ENST00000323851.13,chr8:133237171-133302022,chr8:134249414-134314265,,https://www.ncbi.nlm.nih.gov/clinvar/?term=NDRG1%5Bgene%5D%20AND%20%28%22clinsig%20pathogenic%22%5BProperties%5D%20OR%20%22clinsig%20likely%20pathogenic%22%5BProperties%5D%29,https://gnomad.broadinstitute.org/gene/ENSG00000104419,https://panelapp.genomicsengland.co.uk/panels/846/gene/NDRG1/,,,,,,,,0,"Stress-responsive protein involved in hormone responses, cell growth, and differentiation. Acts as a tumor suppressor in many cell types. Necessary but not sufficient for p53/TP53-mediated caspase activation and apoptosis. Has a role in cell trafficking, notably of the Schwann cell, and is necessary for the maintenance and development of the peripheral nerve myelin sheath. Required for vesicular recycling of CDH1 and TF. May also function in lipid trafficking. Protects cells from spindle disruption damage. Functions in p53/TP53-dependent mitotic spindle checkpoint. Regulates microtubule dynamics and maintains euploidy",CMT4D,CMT4,"autosomal recessive",2000,601455,https://doi.org/10.1086/302978,"N-myc Downstream-Regulated Gene 1 is Mutated in Hereditary Motor and Sensory Neuropathy-Lom"
NDUFS6,"NADH:ubiquinone oxidoreductase subunit S6",,0,0,5p15.33,AR,"Unclassified Subtypes",2024,HGNC:7713,ENSG00000145494,4726,603848,O75380,NM_004553,NM_004553.6,ENST00000274137.10,chr5:1801363-1816051,chr5:1801514-1816719,,https://www.ncbi.nlm.nih.gov/clinvar/?term=NDUFS6%5Bgene%5D%20AND%20%28%22clinsig%20pathogenic%22%5BProperties%5D%20OR%20%22clinsig%20likely%20pathogenic%22%5BProperties%5D%29,https://gnomad.broadinstitute.org/gene/ENSG00000145494,https://panelapp.genomicsengland.co.uk/panels/846/gene/NDUFS6/,,,,,,,,0,"Accessory subunit of the mitochondrial membrane respiratory chain NADH dehydrogenase (Complex I), that is believed not to be involved in catalysis. Complex I functions in the transfer of electrons from NADH to the respiratory chain. The immediate electron acceptor for the enzyme is believed to be ubiquinone",CMT-NDUFS6,"Unclassified Subtypes","autosomal recessive",2024,,https://doi.org/10.1016/j.gim.2024.101117,"Alternative Splicing Expands the Clinical Spectrum of NDUFS6-Related Mitochondrial Disorders."
NEFH,"neurofilament heavy chain","NF-H; NFH",0,0,22q12.2,AD,CMT2,2016,HGNC:7737,ENSG00000100285,4744,162230,P12036,NM_021076,NM_021076.4,ENST00000310624.7,chr22:29480209-29491390,chr22:29876219-29887379,https://search.clinicalgenome.org/CCID:005613,https://www.ncbi.nlm.nih.gov/clinvar/?term=NEFH%5Bgene%5D%20AND%20%28%22clinsig%20pathogenic%22%5BProperties%5D%20OR%20%22clinsig%20likely%20pathogenic%22%5BProperties%5D%29,https://gnomad.broadinstitute.org/gene/ENSG00000100285,https://panelapp.genomicsengland.co.uk/panels/846/gene/NEFH/,https://search.clinicalgenome.org/kb/gene-validity/CGGV:assertion_8e1390ea-fd6c-4fa4-9b43-0eccff9e2829-2020-10-05T161645.817Z,Definitive,"Charcot-Marie-Tooth disease axonal type 2CC",MONDO:0014836,,,,1,"Neurofilaments usually contain three intermediate filament proteins: NEFL, NEFM, and NEFH which are involved in the maintenance of neuronal caliber. NEFH has an important function in mature axons that is not subserved by the two smaller NF proteins. May additionally cooperate with the neuronal intermediate filament proteins PRPH and INA to form neuronal filamentous networks (By similarity)",CMT2CC,CMT2,"autosomal dominant",2016,616924,https://doi.org/10.1016/j.ajhg.2016.02.022,"Cryptic Amyloidogenic Elements in the 3&#8242; UTRs of Neurofilament Genes Trigger Axonal Neuropathy"
NEFL,"neurofilament light chain","NFL; NF68; PPP1R110",0,0,8p21.2,AD|AR,CMT1|CMT2|CMTDI,2000,HGNC:7739,ENSG00000277586,4747,162280,P07196,NM_006158,NM_006158.5,ENST00000610854.2,chr8:24950955-24956721,chr8:24808468-24814624,https://search.clinicalgenome.org/CCID:005615,https://www.ncbi.nlm.nih.gov/clinvar/?term=NEFL%5Bgene%5D%20AND%20%28%22clinsig%20pathogenic%22%5BProperties%5D%20OR%20%22clinsig%20likely%20pathogenic%22%5BProperties%5D%29,https://gnomad.broadinstitute.org/gene/ENSG00000277586,https://panelapp.genomicsengland.co.uk/panels/846/gene/NEFL/,https://search.clinicalgenome.org/kb/gene-validity/CGGV:assertion_49d4cf82-b365-456e-9e35-2b28a66b71ec-2023-01-10T170000.000Z,Definitive,"Charcot-Marie-Tooth disease type 2",MONDO:0018993,,,,0,"Neurofilaments usually contain three intermediate filament proteins: NEFL, NEFM, and NEFH which are involved in the maintenance of neuronal caliber. May additionally cooperate with the neuronal intermediate filament proteins PRPH and INA to form neuronal filamentous networks (By similarity)",CMT2E,CMT2,"autosomal dominant",2000,607684,https://doi.org/10.1086/302962,"A New Variant of Charcot-Marie-Tooth Disease Type 2 Is Probably the Result of a Mutation in the Neurofilament-Light Gene."
NEFL,"neurofilament light chain","NFL; NF68; PPP1R110",0,0,8p21.2,AD|AR,CMT1|CMT2|CMTDI,2000,HGNC:7739,ENSG00000277586,4747,162280,P07196,NM_006158,NM_006158.5,ENST00000610854.2,chr8:24950955-24956721,chr8:24808468-24814624,https://search.clinicalgenome.org/CCID:005615,https://www.ncbi.nlm.nih.gov/clinvar/?term=NEFL%5Bgene%5D%20AND%20%28%22clinsig%20pathogenic%22%5BProperties%5D%20OR%20%22clinsig%20likely%20pathogenic%22%5BProperties%5D%29,https://gnomad.broadinstitute.org/gene/ENSG00000277586,https://panelapp.genomicsengland.co.uk/panels/846/gene/NEFL/,https://search.clinicalgenome.org/kb/gene-validity/CGGV:assertion_49d4cf82-b365-456e-9e35-2b28a66b71ec-2023-01-10T170000.000Z,Definitive,"Charcot-Marie-Tooth disease type 2",MONDO:0018993,,,,0,"Neurofilaments usually contain three intermediate filament proteins: NEFL, NEFM, and NEFH which are involved in the maintenance of neuronal caliber. May additionally cooperate with the neuronal intermediate filament proteins PRPH and INA to form neuronal filamentous networks (By similarity)",CMT1F,CMT1,"autosomal dominant",2003,607734,https://doi.org/10.1093/brain/awg059,"Mutations in the Neurofilament Light Chain Gene (NEFL) Cause Early Onset Severe Charcot-Marie-Tooth Disease"
NEFL,"neurofilament light chain","NFL; NF68; PPP1R110",0,0,8p21.2,AD|AR,CMT1|CMT2|CMTDI,2000,HGNC:7739,ENSG00000277586,4747,162280,P07196,NM_006158,NM_006158.5,ENST00000610854.2,chr8:24950955-24956721,chr8:24808468-24814624,https://search.clinicalgenome.org/CCID:005615,https://www.ncbi.nlm.nih.gov/clinvar/?term=NEFL%5Bgene%5D%20AND%20%28%22clinsig%20pathogenic%22%5BProperties%5D%20OR%20%22clinsig%20likely%20pathogenic%22%5BProperties%5D%29,https://gnomad.broadinstitute.org/gene/ENSG00000277586,https://panelapp.genomicsengland.co.uk/panels/846/gene/NEFL/,https://search.clinicalgenome.org/kb/gene-validity/CGGV:assertion_49d4cf82-b365-456e-9e35-2b28a66b71ec-2023-01-10T170000.000Z,Definitive,"Charcot-Marie-Tooth disease type 2",MONDO:0018993,,,,0,"Neurofilaments usually contain three intermediate filament proteins: NEFL, NEFM, and NEFH which are involved in the maintenance of neuronal caliber. May additionally cooperate with the neuronal intermediate filament proteins PRPH and INA to form neuronal filamentous networks (By similarity)",CMTDIG,CMTDI,"autosomal dominant",2004,617882,https://doi.org/10.1016/j.nmd.2003.10.003,"The Novel Neurofilament Light (NEFL) Mutation Glu397Lys is Associated With a Clinically and Morphologically Heterogeneous Type of Charcot-Marie-Tooth Neuropathy"
NEFL,"neurofilament light chain","NFL; NF68; PPP1R110",0,0,8p21.2,AD|AR,CMT1|CMT2|CMTDI,2000,HGNC:7739,ENSG00000277586,4747,162280,P07196,NM_006158,NM_006158.5,ENST00000610854.2,chr8:24950955-24956721,chr8:24808468-24814624,https://search.clinicalgenome.org/CCID:005615,https://www.ncbi.nlm.nih.gov/clinvar/?term=NEFL%5Bgene%5D%20AND%20%28%22clinsig%20pathogenic%22%5BProperties%5D%20OR%20%22clinsig%20likely%20pathogenic%22%5BProperties%5D%29,https://gnomad.broadinstitute.org/gene/ENSG00000277586,https://panelapp.genomicsengland.co.uk/panels/846/gene/NEFL/,https://search.clinicalgenome.org/kb/gene-validity/CGGV:assertion_49d4cf82-b365-456e-9e35-2b28a66b71ec-2023-01-10T170000.000Z,Definitive,"Charcot-Marie-Tooth disease type 2",MONDO:0018993,,,,0,"Neurofilaments usually contain three intermediate filament proteins: NEFL, NEFM, and NEFH which are involved in the maintenance of neuronal caliber. May additionally cooperate with the neuronal intermediate filament proteins PRPH and INA to form neuronal filamentous networks (By similarity)",CMT2B5,CMT2,"autosomal recessive",2009,"No Entry",https://doi.org/10.1002/ana.21728,"A Novel Recessive NEFL Mutation Causes a Severe, Early-Onset Axonal Neuropathy"
NGF,"nerve growth factor",NGFB,0,0,1p13.2,AR,HSAN,2004,HGNC:7808,ENSG00000134259,4803,162030,P01138,NM_002506,NM_002506.3,ENST00000369512.3,chr1:115285904-115338770,chr1:115828539-115880857,https://search.clinicalgenome.org/CCID:005638,https://www.ncbi.nlm.nih.gov/clinvar/?term=NGF%5Bgene%5D%20AND%20%28%22clinsig%20pathogenic%22%5BProperties%5D%20OR%20%22clinsig%20likely%20pathogenic%22%5BProperties%5D%29,https://gnomad.broadinstitute.org/gene/ENSG00000134259,https://panelapp.genomicsengland.co.uk/panels/846/gene/NGF/,https://search.clinicalgenome.org/kb/gene-validity/CGGV:assertion_f0b3691d-a3d3-42f6-9703-18af08f40688-2023-05-05T160000.000Z,Strong,"hereditary sensory and autonomic neuropathy",MONDO:0015364,,,,0,"Nerve growth factor is important for the development and maintenance of the sympathetic and sensory nervous systems. Extracellular ligand for the NTRK1 and NGFR receptors, activates cellular signaling cascades to regulate neuronal proliferation, differentiation and survival (Probable). The immature NGF precursor (proNGF) functions as a ligand for the heterodimeric receptor formed by SORCS2 and NGFR, and activates cellular signaling cascades that lead to inactivation of RAC1 and/or RAC2, reorganization of the actin cytoskeleton and neuronal growth cone collapse. In contrast to mature NGF, the precursor form (proNGF) promotes neuronal apoptosis (in vitro) (By similarity). Inhibits metalloproteinase-dependent proteolysis of platelet glycoprotein VI. Binds lysophosphatidylinositol and lysophosphatidylserine between the two chains of the homodimer. The lipid-bound form promotes histamine relase from mast cells, contrary to the lipid-free form (By similarity)",HSAN-5,HSAN,"autosomal recessive",2004,608654,https://doi.org/10.1093/hmg/ddh096,"A Mutation in the Nerve Growth Factor Beta Gene (NGFB) Causes Loss of Pain Perception"
NOTCH2NLC,"notch 2 N-terminal like C",,0,0,1q21.2,AD,"Unclassified Subtypes",2021,HGNC:53924,ENSG00000286219,100996717,618025,P0DPK4,NM_001364012,NM_001364013.2,ENST00000650865.2,chr1:149390534-149471833,,,https://www.ncbi.nlm.nih.gov/clinvar/?term=NOTCH2NLC%5Bgene%5D%20AND%20%28%22clinsig%20pathogenic%22%5BProperties%5D%20OR%20%22clinsig%20likely%20pathogenic%22%5BProperties%5D%29,https://gnomad.broadinstitute.org/gene/ENSG00000286219,,,,,,,,,0,"Human-specific protein that promotes neural progenitor proliferation and evolutionary expansion of the brain neocortex by regulating the Notch signaling pathway. Able to promote neural progenitor self-renewal, possibly by down-regulating neuronal differentiation genes, thereby delaying the differentiation of neuronal progenitors and leading to an overall final increase in neuronal production. Acts by enhancing the Notch signaling pathway via two different mechanisms that probably work in parallel to reach the same effect. Enhances Notch signaling pathway in a non-cell-autonomous manner via direct interaction with NOTCH2. Also promotes Notch signaling pathway in a cell-autonomous manner through inhibition of cis DLL1-NOTCH2 interactions, which promotes neuronal differentiation (By similarity)",CMT-NOTCH2NLC,"Unclassified Subtypes","autosomal dominant",2021,,https://doi.org/10.1212/WNL.0000000000013008,"GGC Repeat Expansion of NOTCH2NLC in Taiwanese Patients with Inherited Neuropathies"
NTRK1,"neurotrophic receptor tyrosine kinase 1",,0,0,1q23.1,AR,HSAN,1996,HGNC:8031,ENSG00000198400,4914,191315,P04629,NM_002529,NM_002529.4,ENST00000524377.7,chr1:156815636-156881850,chr1:156785432-156851642,https://search.clinicalgenome.org/CCID:005687,https://www.ncbi.nlm.nih.gov/clinvar/?term=NTRK1%5Bgene%5D%20AND%20%28%22clinsig%20pathogenic%22%5BProperties%5D%20OR%20%22clinsig%20likely%20pathogenic%22%5BProperties%5D%29,https://gnomad.broadinstitute.org/gene/ENSG00000198400,https://panelapp.genomicsengland.co.uk/panels/846/gene/NTRK1/,https://search.clinicalgenome.org/kb/gene-validity/CGGV:assertion_e716345f-08da-4a06-b3e1-d07974a4305d-2021-11-17T030955.951Z,Definitive,"hereditary sensory and autonomic neuropathy type 4",MONDO:0009746,,,,0,"Receptor tyrosine kinase involved in the development and the maturation of the central and peripheral nervous systems through regulation of proliferation, differentiation and survival of sympathetic and nervous neurons. High affinity receptor for NGF which is its primary ligand. Can also bind and be activated by NTF3/neurotrophin-3. However, NTF3 only supports axonal extension through NTRK1 but has no effect on neuron survival (By similarity). Upon dimeric NGF ligand-binding, undergoes homodimerization, autophosphorylation and activation. Recruits, phosphorylates and/or activates several downstream effectors including SHC1, FRS2, SH2B1, SH2B2 and PLCG1 that regulate distinct overlapping signaling cascades driving cell survival and differentiation. Through SHC1 and FRS2 activates a GRB2-Ras-MAPK cascade that regulates cell differentiation and survival. Through PLCG1 controls NF-Kappa-B activation and the transcription of genes involved in cell survival. Through SHC1 and SH2B1 controls a Ras-PI3 kinase-AKT1 signaling cascade that is also regulating survival. In absence of ligand and activation, may promote cell death, making the survival of neurons dependent on trophic factors",HSAN-4,HSAN,"autosomal recessive",1996,256800,https://doi.org/10.1038/ng0896-485,"Mutations in the TRKA/NGF Receptor Gene in Patients with Congenital Insensitivity to Pain with Anhidrosis"
PDK3,"pyruvate dehydrogenase kinase 3",,0,0,Xp22.11,XLD,CMTX,2013,HGNC:8811,ENSG00000067992,5165,300906,Q15120,NM_005391,NM_005391.5,ENST00000379162.9,chrX:24465244-24550466,chrX:24483338-24557954,https://search.clinicalgenome.org/CCID:005756,https://www.ncbi.nlm.nih.gov/clinvar/?term=PDK3%5Bgene%5D%20AND%20%28%22clinsig%20pathogenic%22%5BProperties%5D%20OR%20%22clinsig%20likely%20pathogenic%22%5BProperties%5D%29,https://gnomad.broadinstitute.org/gene/ENSG00000067992,https://panelapp.genomicsengland.co.uk/panels/846/gene/PDK3/,https://search.clinicalgenome.org/kb/gene-validity/CGGV:assertion_508a1db7-0cf1-4c28-9203-89a3f4d7438d-2024-03-14T160000.000Z,Definitive,"Charcot-Marie-Tooth disease X-linked dominant 6",MONDO:0010479,,,,1,"Inhibits pyruvate dehydrogenase activity by phosphorylation of the E1 subunit PDHA1, and thereby regulates glucose metabolism and aerobic respiration. Can also phosphorylate PDHA2. Decreases glucose utilization and increases fat metabolism in response to prolonged fasting, and as adaptation to a high-fat diet. Plays a role in glucose homeostasis and in maintaining normal blood glucose levels in function of nutrient levels and under starvation. Plays a role in the generation of reactive oxygen species",CMTX6,CMTX,"X-linked dominant",2013,300905,https://doi.org/10.1093/hmg/dds557,"A New Locus for X-Linked Dominant Charcot-Marie-Tooth Disease (CMTX6) is Caused by Mutations in the Pyruvate Dehydrogenase Kinase Isoenzyme 3 (PDK3) Gene"
PDXK,"pyridoxal kinase",,0,0,21q22.3,AR,HMSN,2019,HGNC:8819,ENSG00000160209,8566,179020,O00764,NM_003681,NM_003681.5,ENST00000291565.9,chr21:43719061-43762307,chr21:45138975-45182188,,https://www.ncbi.nlm.nih.gov/clinvar/?term=PDXK%5Bgene%5D%20AND%20%28%22clinsig%20pathogenic%22%5BProperties%5D%20OR%20%22clinsig%20likely%20pathogenic%22%5BProperties%5D%29,https://gnomad.broadinstitute.org/gene/ENSG00000160209,https://panelapp.genomicsengland.co.uk/panels/846/gene/PDXK/,,,,,,,,0,"Catalyzes the phosphorylation of the dietary vitamin B6 vitamers pyridoxal (PL), pyridoxine (PN) and pyridoxamine (PM) to form pyridoxal 5'-phosphate (PLP), pyridoxine 5'-phosphate (PNP) and pyridoxamine 5'-phosphate (PMP), respectively (Probable). PLP is the active form of vitamin B6, and acts as a cofactor for over 140 different enzymatic reactions",HMSN-6C,HMSN,"autosomal recessive",2019,618511,https://doi.org/10.1002/ana.25524,"PDXK Mutations Cause Polyneuropathy Responsive to Pyridoxal 5′-Phosphate Supplementation"
PHYH,"phytanoyl-CoA 2-hydroxylase",PAHX,0,0,10p13,AR,HMSN,1997,HGNC:8940,ENSG00000107537,5264,602026,O14832,NM_001037537,NM_006214.4,ENST00000263038.9,chr10:13276854-13302412,chr10:13319796-13344412,,https://www.ncbi.nlm.nih.gov/clinvar/?term=PHYH%5Bgene%5D%20AND%20%28%22clinsig%20pathogenic%22%5BProperties%5D%20OR%20%22clinsig%20likely%20pathogenic%22%5BProperties%5D%29,https://gnomad.broadinstitute.org/gene/ENSG00000107537,https://panelapp.genomicsengland.co.uk/panels/846/gene/PHYH/,,,,,,,,0,"Catalyzes the 2-hydroxylation of not only racemic phytanoyl-CoA and the isomers of 3-methylhexadecanoyl-CoA, but also a variety of other mono-branched 3-methylacyl-CoA esters (with a chain length of at least seven carbon atoms) and straight-chain acyl-CoA esters (with a chain length longer than four carbon atoms). Does not hydroxylate long and very long straight chain acyl-CoAs or 2-methyl- and 4-methyl-branched acyl-CoAs",HMSN-4,HMSN,"autosomal recessive",1997,266500,https://doi.org/10.1038/ng1097-185,"Identification of PAHX, a Refsum Disease Gene."
PIEZO2,"piezo type mechanosensitive ion channel component 2",,1,0,18p11.22-p11.21,,Candidate,2021,HGNC:26270,ENSG00000154864,63895,613629,Q9H5I5,NM_022068,NM_001378183.1,ENST00000674853.1,chr18:10666483-11149591,chr18:10666480-11148587,,https://www.ncbi.nlm.nih.gov/clinvar/?term=PIEZO2%5Bgene%5D%20AND%20%28%22clinsig%20pathogenic%22%5BProperties%5D%20OR%20%22clinsig%20likely%20pathogenic%22%5BProperties%5D%29,https://gnomad.broadinstitute.org/gene/ENSG00000154864,https://panelapp.genomicsengland.co.uk/panels/846/gene/PIEZO2/,,,,,,,,0,"Pore-forming subunit of the mechanosensitive non-specific cation Piezo channel required for rapidly adapting mechanically activated (MA) currents and has a key role in sensing touch and tactile pain. Piezo channels are homotrimeric three-blade propeller-shaped structures that utilize a cap-motion and plug-and-latch mechanism to gate their ion-conducting pathways. Expressed in sensory neurons, is essential for diverse physiological processes, including respiratory control, systemic metabolism, urinary function, and proprioception (By similarity). Mediates airway stretch sensing, enabling efficient respiration at birth and maintaining normal breathing in adults (By similarity). It regulates brown and beige adipose tissue morphology and function, preventing systemic hypermetabolism (By similarity). In the lower urinary tract, acts as a sensor in both the bladder urothelium and innervating sensory neurons being required for bladder-stretch sensing and urethral micturition reflexes, ensuring proper urinary function. Additionally, PIEZO2 serves as the principal mechanotransducer in proprioceptors, facilitating proprioception and coordinated body movements (By similarity). In inner ear hair cells, PIEZO1/2 subunits may constitute part of the mechanotransducer (MET) non-selective cation channel complex where they may act as pore-forming ion-conducting component in the complex (By similarity). Required for Merkel-cell mechanotransduction (By similarity). Plays a major role in light-touch mechanosensation (By similarity). In kidney, during blood volume challenges, regulates calcium dynamics and maintains renin production, thereby serving as an essential regulator of the renin-angiotensin-aldosterone system (RAAS) and systemic blood volume control (By similarity)",PIEZO2,Candidate,,2021,,,
PIGG,"phosphatidylinositol glycan anchor biosynthesis class G (EMM blood group)",,1,0,4p16.3,,Candidate,2025,HGNC:25985,ENSG00000174227,54872,616918,Q5H8A4,NM_017733,NM_001127178.3,ENST00000453061.7,chr4:499195-541173,chr4:492989-533985,,https://www.ncbi.nlm.nih.gov/clinvar/?term=PIGG%5Bgene%5D%20AND%20%28%22clinsig%20pathogenic%22%5BProperties%5D%20OR%20%22clinsig%20likely%20pathogenic%22%5BProperties%5D%29,https://gnomad.broadinstitute.org/gene/ENSG00000174227,https://panelapp.genomicsengland.co.uk/panels/846/gene/PIGG/,,,,,,,,0,"Catalytic subunit of the ethanolamine phosphate transferase 2 complex that transfers an ethanolamine phosphate (EtNP) from a phosphatidylethanolamine (PE) to the 6-OH position of the second alpha-1,6-linked mannose of a 2-acyl-6-[6-phosphoethanolamine-alpha-D-mannosyl-(1->2)-alpha-D-mannosyl-(1->6)-2-phosphoethanolamine-alpha-D-mannosyl-(1->4)-alpha-D-glucosaminyl]-1-(1-radyl,2-acyl-sn-glycero-3-phospho)-1D-myo-inositol (also termed H7) intermediate to generate a 2-acyl-6-[6-phosphoethanolamine-alpha-D-mannosyl-(1->2)-6-phosphoethanolamine-alpha-D-mannosyl-(1->6)-2-phosphoethanolamine-alpha-D-mannosyl-(1->4)-alpha-D-glucosaminyl]-1-(1-radyl,2-acyl-sn-glycero-3-phospho)-1D-myo-inositol (also termed H8) and participates in the eleventh step of the glycosylphosphatidylinositol-anchor biosynthesis",PIGG,Candidate,,2025,,,
PLEKHG5,"pleckstrin homology and RhoGEF domain containing G5",,0,0,1p36.31,AR,CMTRI|dSMA,2007,HGNC:29105,ENSG00000171680,57449,611101,O94827,NM_020631,NM_020631.6,ENST00000377728.8,chr1:6467122-6520074,chr1:6526152-6580121,https://search.clinicalgenome.org/CCID:005829,https://www.ncbi.nlm.nih.gov/clinvar/?term=PLEKHG5%5Bgene%5D%20AND%20%28%22clinsig%20pathogenic%22%5BProperties%5D%20OR%20%22clinsig%20likely%20pathogenic%22%5BProperties%5D%29,https://gnomad.broadinstitute.org/gene/ENSG00000171680,https://panelapp.genomicsengland.co.uk/panels/846/gene/PLEKHG5/,https://search.clinicalgenome.org/kb/gene-validity/CGGV:assertion_2f2f5a6d-3b4f-4f4c-b560-50944b4ab34f-2023-09-06T160000.000Z,Definitive,"neuromuscular disease",MONDO:0019056,,,,1,"Functions as a guanine exchange factor (GEF) for RAB26 and thus regulates autophagy of synaptic vesicles in axon terminal of motoneurons (By similarity). Involved in the control of neuronal cell differentiation. Plays a role in angiogenesis through regulation of endothelial cells chemotaxis. Also affects the migration, adhesion, and matrix/bone degradation in macrophages and osteoclasts",dSMA-4,dSMA,"autosomal recessive",2007,611067,https://doi.org/10.1086/518900,"The Nuclear Factor KappaB-Activator Gene PLEKHG5 is Mutated in a Form of Autosomal Recessive Lower Motor Neuron Disease with Childhood Onset"
PLEKHG5,"pleckstrin homology and RhoGEF domain containing G5",,0,0,1p36.31,AR,CMTRI|dSMA,2007,HGNC:29105,ENSG00000171680,57449,611101,O94827,NM_020631,NM_020631.6,ENST00000377728.8,chr1:6467122-6520074,chr1:6526152-6580121,https://search.clinicalgenome.org/CCID:005829,https://www.ncbi.nlm.nih.gov/clinvar/?term=PLEKHG5%5Bgene%5D%20AND%20%28%22clinsig%20pathogenic%22%5BProperties%5D%20OR%20%22clinsig%20likely%20pathogenic%22%5BProperties%5D%29,https://gnomad.broadinstitute.org/gene/ENSG00000171680,https://panelapp.genomicsengland.co.uk/panels/846/gene/PLEKHG5/,https://search.clinicalgenome.org/kb/gene-validity/CGGV:assertion_2f2f5a6d-3b4f-4f4c-b560-50944b4ab34f-2023-09-06T160000.000Z,Definitive,"neuromuscular disease",MONDO:0019056,,,,1,"Functions as a guanine exchange factor (GEF) for RAB26 and thus regulates autophagy of synaptic vesicles in axon terminal of motoneurons (By similarity). Involved in the control of neuronal cell differentiation. Plays a role in angiogenesis through regulation of endothelial cells chemotaxis. Also affects the migration, adhesion, and matrix/bone degradation in macrophages and osteoclasts",CMTRIC,CMTRI,"autosomal recessive",2013,615376,https://doi.org/10.1093/hmg/ddt274,"PLEKHG5 Deficiency Leads to an Intermediate Form of Autosomal-Recessive Charcot-Marie-Tooth Disease"
PMP2,"peripheral myelin protein 2","MP2; FABP8; M-FABP",0,0,8q21.13,AD,CMT1,2016,HGNC:9117,ENSG00000147588,5375,170715,P02689,NM_002677,NM_002677.5,ENST00000256103.3,chr8:81440326-81447518,chr8:82352561-82359758,https://search.clinicalgenome.org/CCID:005836,https://www.ncbi.nlm.nih.gov/clinvar/?term=PMP2%5Bgene%5D%20AND%20%28%22clinsig%20pathogenic%22%5BProperties%5D%20OR%20%22clinsig%20likely%20pathogenic%22%5BProperties%5D%29,https://gnomad.broadinstitute.org/gene/ENSG00000147588,https://panelapp.genomicsengland.co.uk/panels/846/gene/PMP2/,https://search.clinicalgenome.org/kb/gene-validity/CGGV:assertion_aa4c5730-f807-45d7-afe7-573a3960916f-2025-05-29T160000.000Z,Moderate,"Charcot-Marie-Tooth disease",MONDO:0015626,,,,1,"May play a role in lipid transport protein in Schwann cells. May bind cholesterol",CMT1G,CMT1,"autosomal dominant",2016,618279,https://doi.org/10.1093/brain/aww055,"De novo PMP2 Mutations in Families with Type 1 Charcot-Marie-Tooth Disease"
PMP22,"peripheral myelin protein 22",,0,0,17p12,AD,CMT1,1991,HGNC:9118,ENSG00000109099,5376,601097,Q01453,NM_000304,NM_000304.4,ENST00000312280.9,chr17:15176316-15272292,chr17:15133095-15168643,https://search.clinicalgenome.org/CCID:005837,https://www.ncbi.nlm.nih.gov/clinvar/?term=PMP22%5Bgene%5D%20AND%20%28%22clinsig%20pathogenic%22%5BProperties%5D%20OR%20%22clinsig%20likely%20pathogenic%22%5BProperties%5D%29,https://gnomad.broadinstitute.org/gene/ENSG00000109099,https://panelapp.genomicsengland.co.uk/panels/846/gene/PMP22/,https://search.clinicalgenome.org/kb/gene-validity/CGGV:assertion_169edbc0-b942-43f1-885d-8d47ccdb6d90-2022-10-10T160000.000Z,Definitive,"Charcot-Marie-Tooth disease type 1A",MONDO:0007309,https://dosage.clinicalgenome.org/clingen_gene.cgi?sym=PMP22,3,,0,"Might be involved in growth regulation, and in myelinization in the peripheral nervous system",CMT1A,CMT1,"autosomal dominant",1991,118220,https://doi.org/10.1016/0960-8966(91)90055-W,"Duplication in Chromosome 17p11.2 in Charcot-Marie-Tooth Neuropathy Type 1A (CMT 1A)"
PMP22,"peripheral myelin protein 22",,0,0,17p12,AD,CMT1,1991,HGNC:9118,ENSG00000109099,5376,601097,Q01453,NM_000304,NM_000304.4,ENST00000312280.9,chr17:15176316-15272292,chr17:15133095-15168643,https://search.clinicalgenome.org/CCID:005837,https://www.ncbi.nlm.nih.gov/clinvar/?term=PMP22%5Bgene%5D%20AND%20%28%22clinsig%20pathogenic%22%5BProperties%5D%20OR%20%22clinsig%20likely%20pathogenic%22%5BProperties%5D%29,https://gnomad.broadinstitute.org/gene/ENSG00000109099,https://panelapp.genomicsengland.co.uk/panels/846/gene/PMP22/,https://search.clinicalgenome.org/kb/gene-validity/CGGV:assertion_169edbc0-b942-43f1-885d-8d47ccdb6d90-2022-10-10T160000.000Z,Definitive,"Charcot-Marie-Tooth disease type 1A",MONDO:0007309,https://dosage.clinicalgenome.org/clingen_gene.cgi?sym=PMP22,3,,0,"Might be involved in growth regulation, and in myelinization in the peripheral nervous system",HNPP,CMT1,"autosomal dominant",1993,162500,https://doi.org/10.1016/0092-8674(93)90058-x,"DNA Deletion Associated with Hereditary Neuropathy with Liability to Pressure Palsies"
PMP22,"peripheral myelin protein 22",,0,0,17p12,AD,CMT1,1991,HGNC:9118,ENSG00000109099,5376,601097,Q01453,NM_000304,NM_000304.4,ENST00000312280.9,chr17:15176316-15272292,chr17:15133095-15168643,https://search.clinicalgenome.org/CCID:005837,https://www.ncbi.nlm.nih.gov/clinvar/?term=PMP22%5Bgene%5D%20AND%20%28%22clinsig%20pathogenic%22%5BProperties%5D%20OR%20%22clinsig%20likely%20pathogenic%22%5BProperties%5D%29,https://gnomad.broadinstitute.org/gene/ENSG00000109099,https://panelapp.genomicsengland.co.uk/panels/846/gene/PMP22/,https://search.clinicalgenome.org/kb/gene-validity/CGGV:assertion_169edbc0-b942-43f1-885d-8d47ccdb6d90-2022-10-10T160000.000Z,Definitive,"Charcot-Marie-Tooth disease type 1A",MONDO:0007309,https://dosage.clinicalgenome.org/clingen_gene.cgi?sym=PMP22,3,,0,"Might be involved in growth regulation, and in myelinization in the peripheral nervous system",CMT1E,CMT1,"autosomal dominant",1999,118300,https://doi.org/10.1086/302420,"A Unique Point Mutation in the PMP22 Gene is Associated with Charcot-Marie-Tooth Disease and Deafness"
PNKP,"polynucleotide kinase 3'-phosphatase",,0,0,19q13.33,AR,CMT2,2018,HGNC:9154,ENSG00000039650,11284,605610,Q96T60,NM_007254,NM_007254.4,ENST00000322344.8,chr19:49859882-49878351,chr19:50364461-50371166,,https://www.ncbi.nlm.nih.gov/clinvar/?term=PNKP%5Bgene%5D%20AND%20%28%22clinsig%20pathogenic%22%5BProperties%5D%20OR%20%22clinsig%20likely%20pathogenic%22%5BProperties%5D%29,https://gnomad.broadinstitute.org/gene/ENSG00000039650,https://panelapp.genomicsengland.co.uk/panels/846/gene/PNKP/,,,,,,,,0,"Plays a key role in the repair of DNA damage, functioning as part of both the non-homologous end-joining (NHEJ) and base excision repair (BER) pathways. Through its two catalytic activities, PNK ensures that DNA termini are compatible with extension and ligation by either removing 3'-phosphates from, or by phosphorylating 5'-hydroxyl groups on, the ribose sugar of the DNA backbone",CMT2B2,CMT2,"autosomal recessive",2018,605589,https://doi.org/10.1007/s10048-018-0555-7,"The polynucleotide kinase 3&#8242;-phosphatase gene (PNKP) is involved in Charcot-Marie-Tooth disease (CMT2B2) previously related to MED25."
POLG,"DNA polymerase gamma, catalytic subunit",,0,0,15q26.1,AR,"Unclassified Subtypes",2019,HGNC:9179,ENSG00000140521,5428,174763,P54098,NM_002693,NM_002693.3,ENST00000268124.11,chr15:89305198-89334972,chr15:89859534-89878092,,https://www.ncbi.nlm.nih.gov/clinvar/?term=POLG%5Bgene%5D%20AND%20%28%22clinsig%20pathogenic%22%5BProperties%5D%20OR%20%22clinsig%20likely%20pathogenic%22%5BProperties%5D%29,https://gnomad.broadinstitute.org/gene/ENSG00000140521,https://panelapp.genomicsengland.co.uk/panels/846/gene/POLG/,,,,,,,,0,"Catalytic subunit of DNA polymerase gamma solely responsible for replication of mitochondrial DNA (mtDNA). Replicates both heavy and light strands of the circular mtDNA genome using a single-stranded DNA template, RNA primers and the four deoxyribonucleoside triphosphates as substrates. Has 5' -> 3' polymerase activity. Functionally interacts with TWNK and SSBP1 at the replication fork to form a highly processive replisome, where TWNK unwinds the double-stranded DNA template prior to replication and SSBP1 covers the parental heavy strand to enable continuous replication of the entire mitochondrial genome. A single nucleotide incorporation cycle includes binding of the incoming nucleotide at the insertion site, a phosphodiester bond formation reaction that extends the 3'-end of the primer DNA, and translocation of the primer terminus to the post-insertion site. After completing replication of a mtDNA strand, mediates 3' -> 5' exonucleolytic degradation at the nick to enable proper ligation. Highly accurate due to high nucleotide selectivity and 3' -> 5' exonucleolytic proofreading. Proficiently corrects base substitutions, single-base additions and deletions in non-repetitive sequences and short repeats, but displays lower proofreading activity when replicating longer homopolymeric stretches. Exerts exonuclease activity toward single-stranded DNA and double-stranded DNA containing 3'-terminal mispairs. When a misincorporation occurs, transitions from replication to a pro-nucleolytic editing mode and removes the missincorporated nucleoside in the exonuclease active site. Proceeds via an SN2 nucleolytic mechanism in which Asp-198 catalyzes phosphodiester bond hydrolysis and Glu-200 stabilizes the leaving group. As a result the primer strand becomes one nucleotide shorter and is positioned in the post-insertion site, ready to resume DNA synthesis. Exerts 5'-deoxyribose phosphate (dRP) lyase activity and mediates repair-associated mtDNA synthesis (gap filling) in base-excision repair pathway. Catalyzes the release of the 5'-terminal 2-deoxyribose-5-phosphate sugar moiety from incised apurinic/apyrimidinic (AP) sites to produce a substrate for DNA ligase. The dRP lyase reaction does not require divalent metal ions and likely proceeds via a Schiff base intermediate in a beta-elimination reaction mechanism",CMT-POLG,"Unclassified Subtypes","autosomal recessive",2019,,https://doi.org/10.1111/jns.12313,"POLG Mutations Presenting as Charcot-Marie-Tooth Disease."
POLR3B,"RNA polymerase III subunit B","RPC2; FLJ10388; C128",0,0,12q23.3,AD,CMT1,2021,HGNC:30348,ENSG00000013503,55703,614366,Q9NW08,NM_018082,NM_018082.6,ENST00000228347.9,chr12:106357693-106511222,chr12:106751436-106903976,,https://www.ncbi.nlm.nih.gov/clinvar/?term=POLR3B%5Bgene%5D%20AND%20%28%22clinsig%20pathogenic%22%5BProperties%5D%20OR%20%22clinsig%20likely%20pathogenic%22%5BProperties%5D%29,https://gnomad.broadinstitute.org/gene/ENSG00000013503,https://panelapp.genomicsengland.co.uk/panels/846/gene/POLR3B/,,,,,,,,0,"Catalytic core component of RNA polymerase III (Pol III), a DNA-dependent RNA polymerase which synthesizes small non-coding RNAs using the four ribonucleoside triphosphates as substrates. Synthesizes 5S rRNA, snRNAs, tRNAs and miRNAs from at least 500 distinct genomic loci. Pol III-mediated transcription cycle proceeds through transcription initiation, transcription elongation and transcription termination stages. During transcription initiation, Pol III is recruited to DNA promoters type I, II or III with the help of general transcription factors and other specific initiation factors. Once the polymerase has escaped from the promoter it enters the elongation phase during which RNA is actively polymerized, based on complementarity with the template DNA strand. Transcription termination involves the release of the RNA transcript and polymerase from the DNA. Forms Pol III active center together with the largest subunit POLR3A/RPC1. A single-stranded DNA template strand of the promoter is positioned within the central active site cleft of Pol III. Appends one nucleotide at a time to the 3' end of the nascent RNA, with POLR3A/RPC1 contributing a Mg(2+)-coordinating DxDGD motif, and POLR3B/RPC2 participating in the coordination of a second Mg(2+) ion and providing lysine residues believed to facilitate Watson-Crick base pairing between the incoming nucleotide and template base. Typically, Mg(2+) ions direct a 5' nucleoside triphosphate to form a phosphodiester bond with the 3' hydroxyl of the preceding nucleotide of the nascent RNA, with the elimination of pyrophosphate. Pol III plays a key role in sensing and limiting infection by intracellular bacteria and DNA viruses. Acts as a nuclear and cytosolic DNA sensor involved in innate immune response. Can sense non-self dsDNA that serves as template for transcription into dsRNA. The non-self RNA polymerase III transcripts, such as Epstein-Barr virus-encoded RNAs (EBERs) induce type I interferon and NF-kappa-B through the RIG-I pathway",CMT1I,CMT1,"autosomal dominant",2021,619742,https://doi.org/10.1016/j.ajhg.2020.12.002,"De novo Variants in POLR3B Cause Ataxia, Spasticity, and Demyelinating Neuropathy"
PRDM12,"PR/SET domain 12",,0,0,9q34.12,AR,HSAN,2015,HGNC:13997,ENSG00000130711,59335,616458,Q9H4Q4,NM_021619,NM_021619.3,ENST00000253008.3,chr9:130664594-130682986,chr9:133539981-133558368,,https://www.ncbi.nlm.nih.gov/clinvar/?term=PRDM12%5Bgene%5D%20AND%20%28%22clinsig%20pathogenic%22%5BProperties%5D%20OR%20%22clinsig%20likely%20pathogenic%22%5BProperties%5D%29,https://gnomad.broadinstitute.org/gene/ENSG00000130711,https://panelapp.genomicsengland.co.uk/panels/846/gene/PRDM12/,,,,,,,,0,"Transcriptional regulator necessary for the development of nociceptive neurons, playing a key role in determining the nociceptive lineage from neural crest cell progenitors. Initiates neurogenesis and activates downstream pro-neuronal transcription factors, such as NEUROD1, BRN3A, and ISL1, specifically within nociceptive neurons, while repressing non-nociceptor cell fates. Essential for the proper function of nociceptors in adults, influencing both their excitability and their gene expression, thereby impacting how these neurons respond to various pain stimuli",HSAN-8,HSAN,"autosomal recessive",2015,616488,https://doi.org/10.1038/ng.3308,"Transcriptional Regulator PRDM12 is Essential for Human Pain Perception"
PRNP,"prion protein (Kanno blood group)",,1,0,20p13,,Candidate,2021,HGNC:9449,ENSG00000171867,5621,176640,F7VJQ1,NM_000311,NM_000311.5,ENST00000379440.9,chr20:4685730-4701590,chr20:4666882-4682236,,https://www.ncbi.nlm.nih.gov/clinvar/?term=PRNP%5Bgene%5D%20AND%20%28%22clinsig%20pathogenic%22%5BProperties%5D%20OR%20%22clinsig%20likely%20pathogenic%22%5BProperties%5D%29,https://gnomad.broadinstitute.org/gene/ENSG00000171867,https://panelapp.genomicsengland.co.uk/panels/846/gene/PRNP/,,,,,,,,0,,PRNP,Candidate,,2021,,,
PRPS1,"phosphoribosyl pyrophosphate synthetase 1","PRS-I; PPRibP",0,0,Xq22.3,XLR,CMTX,2007,HGNC:9462,ENSG00000147224,5631,311850,P60891,NM_001204402,NM_002764.4,ENST00000372435.10,chrX:107628428-107651993,chrX:106871737-106894256,,https://www.ncbi.nlm.nih.gov/clinvar/?term=PRPS1%5Bgene%5D%20AND%20%28%22clinsig%20pathogenic%22%5BProperties%5D%20OR%20%22clinsig%20likely%20pathogenic%22%5BProperties%5D%29,https://gnomad.broadinstitute.org/gene/ENSG00000147224,https://panelapp.genomicsengland.co.uk/panels/846/gene/PRPS1/,,,,,,,,0,"Catalyzes the synthesis of phosphoribosylpyrophosphate (PRPP) that is essential for nucleotide synthesis",CMTX5,CMTX,"X-linked recessive",2007,311070,https://doi.org/10.1086/519529,"Mutations in PRPS1, which Encodes the Phosphoribosyl Pyrophosphate Synthetase Enzyme Critical for Nucleotide Biosynthesis, Cause Hereditary Peripheral Neuropathy with Hearing Loss and Optic Neuropathy (CMTX5)."
PRX,periaxin,KIAA1620,0,0,19q13.2,AR,CMT4,2001,HGNC:13797,ENSG00000105227,57716,605725,Q9BXM0,NM_020956,NM_181882.3,ENST00000324001.8,chr19:40393764-40415070,chr19:40899675-40919273,https://search.clinicalgenome.org/CCID:005907,https://www.ncbi.nlm.nih.gov/clinvar/?term=PRX%5Bgene%5D%20AND%20%28%22clinsig%20pathogenic%22%5BProperties%5D%20OR%20%22clinsig%20likely%20pathogenic%22%5BProperties%5D%29,https://gnomad.broadinstitute.org/gene/ENSG00000105227,https://panelapp.genomicsengland.co.uk/panels/846/gene/PRX/,https://search.clinicalgenome.org/kb/gene-validity/CGGV:assertion_471d2fcc-f9d4-49d7-92b9-d16f5f751d83-2023-01-10T170000.000Z,Definitive,"Charcot-Marie-Tooth disease type 4",MONDO:0018995,,,,0,"Scaffolding protein that functions as part of a dystroglycan complex in Schwann cells, and as part of EZR and AHNAK-containing complexes in eye lens fiber cells. Required for the maintenance of the peripheral myelin sheath that is essential for normal transmission of nerve impulses and normal perception of sensory stimuli. Required for normal transport of MBP mRNA from the perinuclear to the paranodal regions. Required for normal remyelination after nerve injury. Required for normal elongation of Schwann cells and normal length of the internodes between the nodes of Ranvier. The demyelinated nodes of Ranvier permit saltatory transmission of nerve impulses; shorter internodes cause slower transmission of nerve impulses. Required for the formation of appositions between the abaxonal surface of the myelin sheath and the Schwann cell plasma membrane; the Schwann cell cytoplasm is restricted to regions between these appositions. Required for the formation of Cajal bands and of Schmidt-Lanterman incisures that correspond to short, cytoplasm-filled regions on myelinated nerves. Recruits DRP2 to the Schwann cell plasma membrane. Required for normal protein composition of the eye lens fiber cell plasma membrane and normal eye lens fiber cell morphology",CMT4F,CMT4,"autosomal recessive",2001,614895,https://doi.org/10.1093/hmg/10.4.415,"A Mutation in Periaxin is Responsible for CMT4F, an Autosomal Recessive form of Charcot-Marie-Tooth Disease"
PSAT1,"phosphoserine aminotransferase 1",PSAT,0,0,9q21.2,AD|AR,"Unclassified Subtypes",2023,HGNC:19129,ENSG00000135069,29968,610936,Q9Y617,NM_021154,NM_058179.4,ENST00000376588.4,chr9:78297094-78356024,chr9:80912059-80945009,,https://www.ncbi.nlm.nih.gov/clinvar/?term=PSAT1%5Bgene%5D%20AND%20%28%22clinsig%20pathogenic%22%5BProperties%5D%20OR%20%22clinsig%20likely%20pathogenic%22%5BProperties%5D%29,https://gnomad.broadinstitute.org/gene/ENSG00000135069,,,,,,,,,0,"Involved in L-serine biosynthesis via the phosphorylated pathway, a three-step pathway converting the glycolytic intermediate 3-phospho-D-glycerate into L-serine. Catalyzes the second step, that is the pyridoxal 5'-phosphate-dependent transamination of 3-phosphohydroxypyruvate and L-glutamate to O-phosphoserine (OPS) and alpha-ketoglutarate. Acts as an inhibitor of ferroptosis in response to interferon-gamma (IFNG) by promoting GPX4 stability: following phosphorylation by CAMK2A, PSAT1 interacts with GPX4 and provides 2-oxoglutarate to EGLN3, leading to GPX4 hydroxylation and stability",CMT-PSAT1,"Unclassified Subtypes","autosomal dominant or autosomal recessive",2023,,https://doi.org/10.1016/j.pediatrneurol.2022.11.013,"Pathogenic PSAT1 Variants and Autosomal Recessive Axonal Charcot-Marie-Tooth Disease with Ichthyosis"
RAB7A,"RAB7A, member RAS oncogene family",RAB7,0,0,3q21.3,AD,CMT2,2003,HGNC:9788,ENSG00000075785,7879,602298,P51149,NM_004637,NM_004637.6,ENST00000265062.8,chr3:128693669-128825980,chr3:128444965-128533639,https://search.clinicalgenome.org/CCID:005949,https://www.ncbi.nlm.nih.gov/clinvar/?term=RAB7A%5Bgene%5D%20AND%20%28%22clinsig%20pathogenic%22%5BProperties%5D%20OR%20%22clinsig%20likely%20pathogenic%22%5BProperties%5D%29,https://gnomad.broadinstitute.org/gene/ENSG00000075785,https://panelapp.genomicsengland.co.uk/panels/846/gene/RAB7A/,https://search.clinicalgenome.org/kb/gene-validity/CGGV:assertion_222dbfa6-db75-42a0-bab6-338b46a316c3-2022-02-10T021034.172Z,Definitive,"Charcot-Marie-Tooth disease type 2",MONDO:0018993,,,,0,"The small GTPases Rab are key regulators of intracellular membrane trafficking, from the formation of transport vesicles to their fusion with membranes. Rabs cycle between an inactive GDP-bound form and an active GTP-bound form that is able to recruit to membranes different sets of downstream effectors directly responsible for vesicle formation, movement, tethering and fusion. In its active state, RAB7A binds to a variety of effector proteins playing a key role in the regulation of endo-lysosomal trafficking. Governs early-to-late endosomal maturation, microtubule minus-end as well as plus-end directed endosomal migration and positioning, and endosome-lysosome transport through different protein-protein interaction cascades. Also plays a central role in growth-factor-mediated cell signaling, nutrient-transportor mediated nutrient uptake, neurotrophin transport in the axons of neurons and lipid metabolism. Also involved in regulation of some specialized endosomal membrane trafficking, such as maturation of melanosomes, pathogen-induced phagosomes (or vacuoles) and autophagosomes. Plays a role in the maturation and acidification of phagosomes that engulf pathogens, such as S.aureus and M.tuberculosis. Plays a role in the fusion of phagosomes with lysosomes. In concert with RAC1, plays a role in regulating the formation of RBs (ruffled borders) in osteoclasts. Controls the endosomal trafficking and neurite outgrowth signaling of NTRK1/TRKA. Regulates the endocytic trafficking of the EGF-EGFR complex by regulating its lysosomal degradation. Involved in the ADRB2-stimulated lipolysis through lipophagy, a cytosolic lipase-independent autophagic pathway (By similarity). Required for the exosomal release of SDCBP, CD63 and syndecan. Required for vesicular trafficking and cell surface expression of ACE2. May play a role in PRPH neuronal intermediate filament assembly (By similarity)",CMT2B,CMT2,"autosomal dominant",2003,600882,https://doi.org/10.1086/367847,"Mutations in the Small GTP-ase Late Endosomal Protein RAB7 Cause Charcot-Marie-Tooth Type 2B Neuropathy"
REEP1,"receptor accessory protein 1",C2ORF23,0,0,2p11.2,AD,dHMN/HMN,2012,HGNC:25786,ENSG00000068615,65055,609139,Q9H902,NM_022912,NM_001371279.1,ENST00000538924.7,chr2:86210522-86338083,chr2:86441116-86565206,,https://www.ncbi.nlm.nih.gov/clinvar/?term=REEP1%5Bgene%5D%20AND%20%28%22clinsig%20pathogenic%22%5BProperties%5D%20OR%20%22clinsig%20likely%20pathogenic%22%5BProperties%5D%29,https://gnomad.broadinstitute.org/gene/ENSG00000068615,https://panelapp.genomicsengland.co.uk/panels/846/gene/REEP1/,,,,,,,,0,"Required for endoplasmic reticulum (ER) network formation, shaping and remodeling; it links ER tubules to the cytoskeleton. May also enhance the cell surface expression of odorant receptors. May play a role in long-term axonal maintenance",dHMN-5B,dHMN/HMN,"autosomal dominant",2012,614751,https://doi.org/10.1016/j.ajhg.2012.05.007,"Exome Sequencing Identifies a REEP1 Mutation Involved in Distal Hereditary Motor Neuropathy Type V"
RETREG1,"reticulophagy regulator 1",FAM134B,0,0,5p15.1,AR,HSAN,2009,HGNC:25964,ENSG00000154153,54463,613114,Q9H6L5,NM_001034850,NM_001034850.3,ENST00000306320.10,chr5:16473038-16617194,chr5:16473147-16617167,https://search.clinicalgenome.org/CCID:008315,https://www.ncbi.nlm.nih.gov/clinvar/?term=RETREG1%5Bgene%5D%20AND%20%28%22clinsig%20pathogenic%22%5BProperties%5D%20OR%20%22clinsig%20likely%20pathogenic%22%5BProperties%5D%29,https://gnomad.broadinstitute.org/gene/ENSG00000154153,https://panelapp.genomicsengland.co.uk/panels/846/gene/RETREG1/,https://search.clinicalgenome.org/kb/gene-validity/CGGV:assertion_e0b9041f-06f2-47c8-b070-5d4cfaaeb2db-2024-07-08T160000.000Z,Definitive,"hereditary sensory and autonomic neuropathy",MONDO:0015364,,,,0,"Endoplasmic reticulum (ER)-anchored autophagy regulator which mediates ER delivery into lysosomes through sequestration into autophagosomes. Promotes membrane remodeling and ER scission via its membrane bending capacity and targets the fragments into autophagosomes via interaction with ATG8 family proteins. Active under basal conditions. Required for collagen quality control in a LIR motif-dependent manner (By similarity). Required for long-term survival of nociceptive and autonomic ganglion neurons",HSAN-2B,HSAN,"autosomal recessive",2009,613115,https://doi.org/10.1038/ng.464,"Mutations in FAM134B, Encoding a Newly Identified Golgi Protein, Cause Severe Sensory and Autonomic Neuropathy"
RFC1,"replication factor C subunit 1",RFC140,0,0,4p14,AR,"Unclassified Subtypes",2019,HGNC:9969,ENSG00000035928,5981,102579,P35251,NM_002913,NM_002913.5,ENST00000349703.7,chr4:39287455-39366400,chr4:39289076-39367995,,https://www.ncbi.nlm.nih.gov/clinvar/?term=RFC1%5Bgene%5D%20AND%20%28%22clinsig%20pathogenic%22%5BProperties%5D%20OR%20%22clinsig%20likely%20pathogenic%22%5BProperties%5D%29,https://gnomad.broadinstitute.org/gene/ENSG00000035928,https://panelapp.genomicsengland.co.uk/panels/846/gene/RFC1/,,,,,,,,1,"Subunit of the replication factor C (RFC) complex which acts during elongation of primed DNA templates by DNA polymerases delta and epsilon, and is necessary for ATP-dependent loading of proliferating cell nuclear antigen (PCNA) onto primed DNA. This subunit binds to the primer-template junction. Binds the PO-B transcription element as well as other GA rich DNA sequences. Can bind single- or double-stranded DNA",CMT-RFC1,"Unclassified Subtypes","autosomal recessive",2019,614575,https://doi.org/10.1038/s41588-019-0372-4,"Biallelic Expansion of an Intronic Repeat in RFC1 is a Common Cause of Late-Onset Ataxia"
RNF170,"ring finger protein 170",,1,0,8p11.21,,Candidate,2021,HGNC:25358,ENSG00000120925,81790,614649,Q96K19,NM_030954,NM_030954.4,ENST00000527424.6,chr8:42849637-42897309,chr8:42704780-42752433,,https://www.ncbi.nlm.nih.gov/clinvar/?term=RNF170%5Bgene%5D%20AND%20%28%22clinsig%20pathogenic%22%5BProperties%5D%20OR%20%22clinsig%20likely%20pathogenic%22%5BProperties%5D%29,https://gnomad.broadinstitute.org/gene/ENSG00000120925,,,,,,,,,1,"E3 ubiquitin-protein ligase that plays an essential role in stimulus-induced inositol 1,4,5-trisphosphate receptor type 1 (ITPR1) ubiquitination and degradation via the endoplasmic reticulum-associated degradation (ERAD) pathway. Also involved in ITPR1 turnover in resting cells. Selectively inhibits the TLR3-triggered innate immune response by promoting the 'Lys-48'-linked polyubiquitination and degradation of TLR3",RNF170,Candidate,,2021,,,
RTN2,"reticulon 2",,1,0,19q13.32,,Candidate,2024,HGNC:10468,ENSG00000125744,6253,603183,O75298,NM_005619,NM_005619.5,ENST00000245923.9,chr19:45485292-45497055,chr19:45988547-46000319,,https://www.ncbi.nlm.nih.gov/clinvar/?term=RTN2%5Bgene%5D%20AND%20%28%22clinsig%20pathogenic%22%5BProperties%5D%20OR%20%22clinsig%20likely%20pathogenic%22%5BProperties%5D%29,https://gnomad.broadinstitute.org/gene/ENSG00000125744,https://panelapp.genomicsengland.co.uk/panels/846/gene/RTN2/,,,,,,,,1,"Inhibits amyloid precursor protein processing, probably by blocking BACE1 activity. Enhances trafficking of the glutamate transporter SLC1A1/EAAC1 from the endoplasmic reticulum to the cell surface (By similarity). Plays a role in the translocation of SLC2A4/GLUT4 from intracellular membranes to the cell membrane which facilitates the uptake of glucose into the cell (By similarity)",RTN2,Candidate,,2024,,,
SACS,"sacsin molecular chaperone",,0,0,13q12.12,AR,"Unclassified Subtypes",2018,HGNC:10519,ENSG00000151835,26278,604490,Q9NZJ4,NM_014363,NM_014363.6,ENST00000382292.9,chr13:23288689-23433763,chr13:23902965-24007841,,https://www.ncbi.nlm.nih.gov/clinvar/?term=SACS%5Bgene%5D%20AND%20%28%22clinsig%20pathogenic%22%5BProperties%5D%20OR%20%22clinsig%20likely%20pathogenic%22%5BProperties%5D%29,https://gnomad.broadinstitute.org/gene/ENSG00000151835,https://panelapp.genomicsengland.co.uk/panels/846/gene/SACS/,,,,,,,,0,"Co-chaperone which acts as a regulator of the Hsp70 chaperone machinery and may be involved in the processing of other ataxia-linked proteins",CMT-SACS,"Unclassified Subtypes","autosomal recessive",2018,,https://doi.org/10.1016/j.nmd.2017.11.008,"Early-Onset Axonal Charcot-Marie-Tooth Disease Due to Sacs Mutation"
SARS1,"seryl-tRNA synthetase 1","SARS; SERS; SERRS",0,0,1p13.3,AD,"Unclassified Subtypes",2023,HGNC:10537,ENSG00000031698,6301,607529,P49591,NM_006513,NM_006513.4,ENST00000234677.7,chr1:109213844-109239456,chr1:109756540-109780791,,https://www.ncbi.nlm.nih.gov/clinvar/?term=SARS1%5Bgene%5D%20AND%20%28%22clinsig%20pathogenic%22%5BProperties%5D%20OR%20%22clinsig%20likely%20pathogenic%22%5BProperties%5D%29,https://gnomad.broadinstitute.org/gene/ENSG00000031698,https://panelapp.genomicsengland.co.uk/panels/846/gene/SARS/,,,,,,,,0,"Catalyzes the attachment of serine to tRNA(Ser) in a two-step reaction: serine is first activated by ATP to form Ser-AMP and then transferred to the acceptor end of tRNA(Ser). Is probably also able to aminoacylate tRNA(Sec) with serine, to form the misacylated tRNA L-seryl-tRNA(Sec), which will be further converted into selenocysteinyl-tRNA(Sec). In the nucleus, binds to the VEGFA core promoter and prevents MYC binding and transcriptional activation by MYC. Recruits SIRT2 to the VEGFA promoter, promoting deacetylation of histone H4 at 'Lys-16' (H4K16). Thereby, inhibits the production of VEGFA and sprouting angiogenesis mediated by VEGFA",CMT-SARS1,"Unclassified Subtypes","autosomal dominant",2023,,https://doi.org/10.1002/ana.26792,"SARS1 (SerRS) causing de novo Dominant Charcot-Marie-Tooth Disease with Slow Conduction"
SBF1,"SET binding factor 1","MTMR5; DENND7A",0,0,22q13.33,AR,CMT4,2013,HGNC:10542,ENSG00000100241,6305,603560,O95248,NM_001365819,NM_002972.4,ENST00000380817.8,chr22:50443219-50483923,chr22:50883429-50913454,https://search.clinicalgenome.org/CCID:006058,https://www.ncbi.nlm.nih.gov/clinvar/?term=SBF1%5Bgene%5D%20AND%20%28%22clinsig%20pathogenic%22%5BProperties%5D%20OR%20%22clinsig%20likely%20pathogenic%22%5BProperties%5D%29,https://gnomad.broadinstitute.org/gene/ENSG00000100241,https://panelapp.genomicsengland.co.uk/panels/846/gene/SBF1/,https://search.clinicalgenome.org/kb/gene-validity/CGGV:assertion_c0f814d9-02db-4c0c-8e1c-20a7759d993f-2026-08-08T160000.000Z,Moderate,"Charcot-Marie-Tooth disease type 4B3",MONDO:0014117,,,,0,"Acts as an adapter for the phosphatase MTMR2 to regulate MTMR2 catalytic activity and subcellular location. Promotes the exchange of GDP to GTP, converting inactive GDP-bound Rab proteins into their active GTP-bound form. May function as a guanine nucleotide exchange factor (GEF) activating RAB28. Acts as a suppressor of autophagy in neurons. Together with its binding partner, the phosphatase MTMR2, plays a role in dephosphorylation of phosphoinositides critical for autophagy initiation and autophagosome maturation. Plays a role in positively regulating late-stage radial sorting of large caliber axons, a process leading to myelination by Schwann cells, possibly via regulating endosomal trafficking (By similarity). Inhibits myoblast differentiation in vitro and induces oncogenic transformation in fibroblasts",CMT4B3,CMT4,"autosomal recessive",2013,615284,https://doi.org/10.1212/WNL.0b013e31829a3421,"SET Binding Factor 1 (SBF1) Mutation Causes Charcot-Marie-Tooth Disease Type 4B3"
SBF2,"SET binding factor 2","KIAA1766; MTMR13; DENND7B",0,0,11p15.4,AR,CMT4,2003,HGNC:2135,ENSG00000133812,81846,607697,Q86WG5,NM_030962,NM_030962.4,ENST00000256190.13,chr11:9776776-10304877,chr11:9800214-10315754,https://search.clinicalgenome.org/CCID:006059,https://www.ncbi.nlm.nih.gov/clinvar/?term=SBF2%5Bgene%5D%20AND%20%28%22clinsig%20pathogenic%22%5BProperties%5D%20OR%20%22clinsig%20likely%20pathogenic%22%5BProperties%5D%29,https://gnomad.broadinstitute.org/gene/ENSG00000133812,https://panelapp.genomicsengland.co.uk/panels/846/gene/SBF2/,https://search.clinicalgenome.org/kb/gene-validity/CGGV:assertion_01893bf4-e95d-4206-9d2e-e3822f778b7a-2021-03-22T201309.257Z,Definitive,"Charcot-Marie-Tooth disease type 4B2",MONDO:0011475,,,,0,"Guanine nucleotide exchange factor (GEF) which activates RAB21 and possibly RAB28. Promotes the exchange of GDP to GTP, converting inactive GDP-bound Rab proteins into their active GTP-bound form. In response to starvation-induced autophagy, activates RAB21 which in turn binds to and regulates SNARE protein VAMP8 endolysosomal transport required for SNARE-mediated autophagosome-lysosome fusion. Acts as an adapter for the phosphatase MTMR2 (By similarity). Increases MTMR2 catalytic activity towards phosphatidylinositol 3,5-bisphosphate and to a lesser extent towards phosphatidylinositol 3-phosphate (By similarity)",CMT4B2,CMT4,"autosomal recessive",2003,604563,https://doi.org/10.1093/hmg/ddh030,"Mutation of the SBF2 Gene, Encoding a Novel Member of the Myotubularin Family, in Charcot-Marie-Tooth Neuropathy Type 4B2/11p15"
SCN11A,"sodium voltage-gated channel alpha subunit 11",,0,0,3p22.2,AD,HSAN,2013,HGNC:10583,ENSG00000168356,11280,604385,Q9UI33,NM_014139,NM_001349253.2,ENST00000302328.9,chr3:38845758-39052157,chr3:38887260-38992052,https://search.clinicalgenome.org/CCID:006062,https://www.ncbi.nlm.nih.gov/clinvar/?term=SCN11A%5Bgene%5D%20AND%20%28%22clinsig%20pathogenic%22%5BProperties%5D%20OR%20%22clinsig%20likely%20pathogenic%22%5BProperties%5D%29,https://gnomad.broadinstitute.org/gene/ENSG00000168356,https://panelapp.genomicsengland.co.uk/panels/846/gene/SCN11A/,https://search.clinicalgenome.org/kb/gene-validity/CGGV:assertion_abe8c0db-503c-46fa-a2a6-e4d6071219d0-2026-08-08T160000.000Z,Definitive,"hereditary sensory and autonomic neuropathy type 7",MONDO:0014244,,,,0,"Sodium channel mediating the voltage-dependent sodium ion permeability of excitable membranes. Assuming opened or closed conformations in response to the voltage difference across the membrane, the protein forms a sodium-selective channel through which sodium ions may pass in accordance with their electrochemical gradient. Involved in membrane depolarization during action potential in nociceptors which function as key relay stations for the electrical transmission of pain signals from the periphery to the central nervous system. Also involved in rapid BDNF-evoked neuronal depolarization",HSAN-7,HSAN,"autosomal dominant",2013,615548,https://doi.org/10.1038/ng.2767,"A De novo Gain-of-Function Mutation in SCN11A Causes Loss of Pain Perception"
SCN9A,"sodium voltage-gated channel alpha subunit 9",,0,0,2q24.3,AR,HSAN,2013,HGNC:10597,ENSG00000169432,6335,603415,Q15858,NM_002977,NM_001365536.1,ENST00000642356.2,chr2:166195185-166376001,chr2:167051695-167232503,,https://www.ncbi.nlm.nih.gov/clinvar/?term=SCN9A%5Bgene%5D%20AND%20%28%22clinsig%20pathogenic%22%5BProperties%5D%20OR%20%22clinsig%20likely%20pathogenic%22%5BProperties%5D%29,https://gnomad.broadinstitute.org/gene/ENSG00000169432,https://panelapp.genomicsengland.co.uk/panels/846/gene/SCN9A/,,,,,,,,0,"Pore-forming subunit of Nav1.7, a voltage-gated sodium (Nav) channel that directly mediates the depolarizing phase of action potentials in excitable membranes. Navs, also called VGSCs (voltage-gated sodium channels) or VDSCs (voltage-dependent sodium channels), operate by switching between closed and open conformations depending on the voltage difference across the membrane. In the open conformation they allow Na(+) ions to selectively pass through the pore, along their electrochemical gradient. The influx of Na(+) ions provokes membrane depolarization, initiating the propagation of electrical signals throughout cells and tissues. Nav1.7 plays a crucial role in controlling the excitability and action potential propagation from nociceptor neurons, thereby contributing to the sensory perception of pain",HSAN-2D,HSAN,"autosomal recessive",2013,243000,https://doi.org/10.1212/WNL.0b013e3182904fdd,"Hereditary Sensory and Autonomic Neuropathy Type IID Caused by an SCN9A Mutation"
SCO2,"synthesis of cytochrome C oxidase 2",,0,0,22q13.33,AR,"Unclassified Subtypes",2018,HGNC:10604,ENSG00000284194,9997,604272,O43819,NM_005138,NM_005138.3,ENST00000395693.8,chr22:50523564-50526461,chr22:50961997-50964868,https://search.clinicalgenome.org/CCID:009336,https://www.ncbi.nlm.nih.gov/clinvar/?term=SCO2%5Bgene%5D%20AND%20%28%22clinsig%20pathogenic%22%5BProperties%5D%20OR%20%22clinsig%20likely%20pathogenic%22%5BProperties%5D%29,https://gnomad.broadinstitute.org/gene/ENSG00000284194,https://panelapp.genomicsengland.co.uk/panels/846/gene/SCO2/,https://search.clinicalgenome.org/kb/gene-validity/CGGV:assertion_8c1cc0ca-0471-496b-941f-4c7a0ae854ae-2026-04-10T160000.000Z,Moderate,"Charcot-Marie-Tooth disease",MONDO:0015626,,,,1,"Copper metallochaperone essential for the synthesis and maturation of cytochrome c oxidase subunit II (MT-CO2/COX2); together with SCO1, facilitates the incorporation of copper into the Cu(A) site of MT-CO2/COX2. Could also act as a thiol-disulfide oxidoreductase to regulate the redox state of the cysteines in SCO1 during maturation of MT-CO2/COX2",CMT-SCO2,"Unclassified Subtypes","autosomal recessive",2018,,https://doi.org/10.1093/brain/awx369,"SCO2 Mutations Cause Early-Onset Axonal Charcot-Marie-Tooth Disease Associated with Cellular Copper Deficiency"
SCYL1,"SCY1 like pseudokinase 1",NTKL,0,0,11q13.1,AR,"Unclassified Subtypes",2015,HGNC:14372,ENSG00000142186,57410,607982,Q96KG9,NM_020680,NM_020680.4,ENST00000270176.10,chr11:65525044-65538711,chr11:65292548-65306175,,https://www.ncbi.nlm.nih.gov/clinvar/?term=SCYL1%5Bgene%5D%20AND%20%28%22clinsig%20pathogenic%22%5BProperties%5D%20OR%20%22clinsig%20likely%20pathogenic%22%5BProperties%5D%29,https://gnomad.broadinstitute.org/gene/ENSG00000142186,https://panelapp.genomicsengland.co.uk/panels/846/gene/SCYL1/,,,,,,,,1,"Regulates COPI-mediated retrograde protein traffic at the interface between the Golgi apparatus and the endoplasmic reticulum. Involved in the maintenance of the Golgi apparatus morphology",CMT-SCYL1,"Unclassified Subtypes","autosomal recessive",2015,,https://doi.org/10.1016/j.ajhg.2015.10.011,"Disruptive SCYL1 Mutations Underlie a Syndrome Characterized by Recurrent Episodes of Liver Failure, Peripheral Neuropathy, Cerebellar Atrophy, and Ataxia"
SEPTIN9,"septin 9",,0,0,17q25.3,AD,"Unclassified Subtypes",2020,HGNC:7323,ENSG00000184640,10801,604061,Q9UHD8,NM_006640,NM_001113491.2,ENST00000427177.6,chr17:77280569-77500596,chr17:75276651-75496678,https://search.clinicalgenome.org/CCID:006106,https://www.ncbi.nlm.nih.gov/clinvar/?term=SEPTIN9%5Bgene%5D%20AND%20%28%22clinsig%20pathogenic%22%5BProperties%5D%20OR%20%22clinsig%20likely%20pathogenic%22%5BProperties%5D%29,https://gnomad.broadinstitute.org/gene/ENSG00000184640,https://panelapp.genomicsengland.co.uk/panels/846/gene/SEPT9/,https://search.clinicalgenome.org/kb/gene-validity/CGGV:assertion_0d2bb3b1-6fd0-4ee9-8273-322c33597eff-2026-08-08T160000.000Z,Moderate,"neuralgic amyotrophy",MONDO:0017362,,,,0,"Filament-forming cytoskeletal GTPase (By similarity). May play a role in cytokinesis (Potential). May play a role in the internalization of 2 intracellular microbial pathogens, Listeria monocytogenes and Shigella flexneri",CMT-SEPTIN9,"Unclassified Subtypes","autosomal dominant",2020,,https://doi.org/10.1186/s12881-020-0984-7,"Identification of a Rare SEPT9 Variant in a Family with Autosomal Dominant Charcot-Marie-Tooth Disease"
SETX,senataxin,,0,0,9q34.13,AR,"Unclassified Subtypes",2004,HGNC:445,ENSG00000107290,23064,608465,Q7Z333,NM_015046,NM_015046.7,ENST00000224140.6,chr9:132261356-132355117,chr9:135136743-135230372,https://search.clinicalgenome.org/CCID:006121,https://www.ncbi.nlm.nih.gov/clinvar/?term=SETX%5Bgene%5D%20AND%20%28%22clinsig%20pathogenic%22%5BProperties%5D%20OR%20%22clinsig%20likely%20pathogenic%22%5BProperties%5D%29,https://gnomad.broadinstitute.org/gene/ENSG00000107290,https://panelapp.genomicsengland.co.uk/panels/846/gene/SETX/,https://search.clinicalgenome.org/kb/gene-validity/CGGV:assertion_1f355b8f-1cd9-401c-8f34-b9b3e2fe939b-2022-08-03T160000.000Z,Definitive,"distal hereditary motor neuropathy",MONDO:0018894,,,,0,"ATP-dependent 5'-3' helicase that preferentially unwinds RNA:DNA substrates over DNA:DNA substrates, playing a crucial role in resolving 5'-overhang RNA:DNA hybrids (R-loops) and promoting transcription termination. Plays a role in transcription regulation by its ability to modulate RNA Polymerase II (Pol II) binding to chromatin and through its interaction with proteins involved in transcription. Contributes to the mRNA splicing efficiency and splice site selection. Required for the resolution of R-loop RNA-DNA hybrid formation at G-rich pause sites located downstream of the poly(A) site, allowing XRN2 recruitment and XRN2-mediated degradation of the downstream cleaved RNA and hence efficient RNA polymerase II (RNAp II) transcription termination. Required for the 3' transcriptional termination of PER1 and CRY2, thus playing an important role in the circadian rhythm regulation (By similarity). Involved in DNA double-strand breaks damage response generated by oxidative stress. In association with RRP45, targets the RNA exosome complex to sites of transcription-induced DNA damage. Plays a role in the development and maturation of germ cells: essential for male meiosis, acting at the interface of transcription and meiotic recombination, and in the process of gene silencing during meiotic sex chromosome inactivation (MSCI) (By similarity). May be involved in telomeric stability through the regulation of telomere repeat-containing RNA (TERRA) transcription. Plays a role in neurite outgrowth in hippocampal cells through FGF8-activated signaling pathways. Inhibits retinoic acid-induced apoptosis",CMT-SETX,"Unclassified Subtypes","autosomal recessive",2004,,https://doi.org/10.1086/421054,"DNA/RNA Helicase Gene Mutations in a Form of Juvenile Amyotrophic Lateral Sclerosis (ALS4). “Dominant mutations in SETX cause HMN/ALS4 (Chen and el., 2004)” –Inherited Neuropathies Consortium (INC), CMT in Depth: Hereditary Motor Neuropathies – https://www1.rarediseasesnetwork.org/cms/inc/Healthcare-Professionals/CMT"
SGPL1,"sphingosine-1-phosphate lyase 1",,0,0,10q22.1,AR,"Unclassified Subtypes",2017,HGNC:10817,ENSG00000166224,8879,603729,O95470,NM_003901,NM_003901.4,ENST00000373202.8,chr10:70815899-70958721,chr10:72575717-72640930,,https://www.ncbi.nlm.nih.gov/clinvar/?term=SGPL1%5Bgene%5D%20AND%20%28%22clinsig%20pathogenic%22%5BProperties%5D%20OR%20%22clinsig%20likely%20pathogenic%22%5BProperties%5D%29,https://gnomad.broadinstitute.org/gene/ENSG00000166224,,,,,,,,,0,"Cleaves phosphorylated sphingoid bases (PSBs), such as sphingosine-1-phosphate, into fatty aldehydes and phosphoethanolamine. Elevates stress-induced ceramide production and apoptosis. Required for global lipid homeostasis in liver and cholesterol homeostasis in fibroblasts. Involved in the regulation of pro-inflammatory response and neutrophil trafficking. Modulates neuronal autophagy via phosphoethanolamine production which regulates accumulation of aggregate-prone proteins such as APP (By similarity). Seems to play a role in establishing neuronal contact sites and axonal maintenance (By similarity)",CMT-SGPL1,"Unclassified Subtypes","autosomal recessive",2017,,https://doi.org/10.1212/WNL.0000000000003595,"Sphingosine 1-Phosphate Lyase Deficiency Causes Charcot-Marie-Tooth Neuropathy"
SH3TC2,"SH3 domain and tetratricopeptide repeats 2",KIAA1985,0,0,5q32,AR,CMT4,2003,HGNC:29427,ENSG00000169247,79628,608206,Q8TF17,NM_024577,NM_024577.4,ENST00000515425.6,chr5:148923639-149063163,chr5:148303202-148442726,https://search.clinicalgenome.org/CCID:006133,https://www.ncbi.nlm.nih.gov/clinvar/?term=SH3TC2%5Bgene%5D%20AND%20%28%22clinsig%20pathogenic%22%5BProperties%5D%20OR%20%22clinsig%20likely%20pathogenic%22%5BProperties%5D%29,https://gnomad.broadinstitute.org/gene/ENSG00000169247,https://panelapp.genomicsengland.co.uk/panels/846/gene/SH3TC2/,https://search.clinicalgenome.org/kb/gene-validity/CGGV:assertion_8d2b214f-3086-4012-bf4b-a6e651618f0b-2026-08-08T160000.000Z,Definitive,"Charcot-Marie-Tooth disease type 4C",MONDO:0011113,,,,0,"Is involved in nerve myelination and is required for the integrity of nodes of Ranvier (By similarity). It probably functions as a Rab effector in the regulation of endocytic recycling",CMT4C,CMT4,"autosomal recessive",2003,601596,https://doi.org/10.1086/379525,"Mutations in a Gene Encoding a Novel SH3/TPR Domain Protein Cause Autosomal Recessive Charcot-Marie-Tooth Type 4C Neuropathy"
SIGMAR1,"sigma non-opioid intracellular receptor 1",SRBP,0,0,9p13.3,AR,dHMN/HMN,2015,HGNC:8157,ENSG00000147955,10280,601978,Q99720,NM_005866,NM_005866.4,ENST00000277010.9,chr9:34631716-34637844,chr9:34634719-34637806,,https://www.ncbi.nlm.nih.gov/clinvar/?term=SIGMAR1%5Bgene%5D%20AND%20%28%22clinsig%20pathogenic%22%5BProperties%5D%20OR%20%22clinsig%20likely%20pathogenic%22%5BProperties%5D%29,https://gnomad.broadinstitute.org/gene/ENSG00000147955,https://panelapp.genomicsengland.co.uk/panels/846/gene/SIGMAR1/,,,,,,,,1,"Functions in lipid transport from the endoplasmic reticulum and is involved in a wide array of cellular functions probably through regulation of the biogenesis of lipid microdomains at the plasma membrane. Involved in the regulation of different receptors it plays a role in BDNF signaling and EGF signaling. Also regulates ion channels like the potassium channel and could modulate neurotransmitter release. Plays a role in calcium signaling through modulation together with ANK2 of the ITP3R-dependent calcium efflux at the endoplasmic reticulum. Plays a role in several other cell functions including proliferation, survival and death. Originally identified for its ability to bind various psychoactive drugs it is involved in learning processes, memory and mood alteration. Necessary for proper mitochondrial axonal transport in motor neurons, in particular the retrograde movement of mitochondria. Plays a role in protecting cells against oxidative stress-induced cell death via its interaction with RNF112 (By similarity)",dHMN2-SIGMAR1,dHMN/HMN,"autosomal recessive",2015,605726,https://doi.org/10.1212/WNL.0000000000001680,"A SIGMAR1 Splice-Site Mutation Causes Distal Hereditary Motor Neuropathy."
SLC12A6,"solute carrier family 12 member 6","KCC3A; KCC3B",0,0,15q14,AD,CMT2,2016,HGNC:10914,ENSG00000140199,9990,604878,Q9UHW9,NM_005135,NM_001365088.1,ENST00000354181.8,chr15:34229784-34338060,chr15:34525460-34630261,,https://www.ncbi.nlm.nih.gov/clinvar/?term=SLC12A6%5Bgene%5D%20AND%20%28%22clinsig%20pathogenic%22%5BProperties%5D%20OR%20%22clinsig%20likely%20pathogenic%22%5BProperties%5D%29,https://gnomad.broadinstitute.org/gene/ENSG00000140199,https://panelapp.genomicsengland.co.uk/panels/846/gene/SLC12A6/,,,,,,,,0,"Mediates electroneutral potassium-chloride cotransport when activated by cell swelling. May contribute to cell volume homeostasis in single cells",CMT2II,CMT2,"autosomal dominant",2016,620068,https://doi.org/10.1126/scisignal.aae0546,"Peripheral Motor Neuropathy is Associated with Defective Kinase Regulation of the KCC3 Cotransporter"
SLC25A46,"solute carrier family 25 member 46",,0,0,5q22.1,AR,HMSN,2015,HGNC:25198,ENSG00000164209,91137,610826,Q96AG3,NM_138773,NM_138773.4,ENST00000355943.8,chr5:110738136-110765173,chr5:110073837-110100857,https://search.clinicalgenome.org/CCID:006171,https://www.ncbi.nlm.nih.gov/clinvar/?term=SLC25A46%5Bgene%5D%20AND%20%28%22clinsig%20pathogenic%22%5BProperties%5D%20OR%20%22clinsig%20likely%20pathogenic%22%5BProperties%5D%29,https://gnomad.broadinstitute.org/gene/ENSG00000164209,https://panelapp.genomicsengland.co.uk/panels/846/gene/SLC25A46/,https://search.clinicalgenome.org/kb/gene-validity/CGGV:assertion_9852fb40-0df1-4668-ba57-38a4971cb244-2020-05-26T160000.000Z,Definitive,"neuropathy, hereditary motor and sensory, type 6B",MONDO:0014671,,,,1,"Transmembrane protein of the mitochondrial outer membrane that controls mitochondrial organization. May regulate the assembly of the MICOS (mitochondrial contact site and cristae organizing system) complex which is essential to the biogenesis and dynamics of mitochondrial cristae, the inwards folds of the inner mitochondrial membrane. Through its interaction with the EMC (endoplasmic reticulum membrane protein complex), could regulate mitochondrial lipid homeostasis and thereby mitochondrial fission",HMSN-6B,HMSN,"autosomal recessive",2015,616505,https://doi.org/10.1038/ng.3354,"Mutations in SLC25A46, Encoding a UGO1-Like Protein, Cause an Optic Atrophy Spectrum Disorder"
SLC5A7,"solute carrier family 5 member 7",,0,0,2q12.3,AD,dHMN/HMN,2012,HGNC:14025,ENSG00000115665,60482,608761,Q9GZV3,NM_001305005,NM_021815.5,ENST00000264047.3,chr2:107986516-108014213,chr2:108602979-108630450,https://search.clinicalgenome.org/CCID:006195,https://www.ncbi.nlm.nih.gov/clinvar/?term=SLC5A7%5Bgene%5D%20AND%20%28%22clinsig%20pathogenic%22%5BProperties%5D%20OR%20%22clinsig%20likely%20pathogenic%22%5BProperties%5D%29,https://gnomad.broadinstitute.org/gene/ENSG00000115665,https://panelapp.genomicsengland.co.uk/panels/846/gene/SLC5A7/,https://search.clinicalgenome.org/kb/gene-validity/CGGV:assertion_c6e46608-98f5-4e4d-9bcf-22e42997af6e-2026-08-08T160000.000Z,Moderate,"neuronopathy, distal hereditary motor, type 7A",MONDO:0008024,,,,0,"High-affinity Na(+)-coupled choline transmembrane symporter. Functions as an electrogenic, voltage-dependent transporter with variable charge/choline stoichiometry. Choline uptake and choline-induced current is also Cl(-)-dependent where Cl(-) is likely a regulatory ion rather than cotransported ion. Plays a critical role in acetylcholine (ACh) synthesis by taking up the substrate choline from the synaptic cleft into the presynaptic nerve terminals after neurotransmitter release. SLC5A7/CHT1-mediated choline high-affinity transport in cholinergic neurons is the rate-limiting step for production of ACh, thereby facilitating communication by subsequent action potentials. Localized predominantly in presynaptic terminal intracellular organelles, and translocated to the plasma membrane in active form in response to neuronal activity",dHMN-7A,dHMN/HMN,"autosomal dominant",2012,158580,https://doi.org/10.1016/j.ajhg.2012.09.019,"Defective Presynaptic Choline Transport Underlies Hereditary Motor Neuropathy"
SORD,"sorbitol dehydrogenase","SDH; XDH",0,0,15q21.1,AR,"Unclassified Subtypes",2020,HGNC:11184,ENSG00000140263,6652,182500,Q00796,NM_003104,NM_003104.6,ENST00000267814.14,chr15:45023116-45077185,chr15:45315302-45369383,https://search.clinicalgenome.org/CCID:006246,https://www.ncbi.nlm.nih.gov/clinvar/?term=SORD%5Bgene%5D%20AND%20%28%22clinsig%20pathogenic%22%5BProperties%5D%20OR%20%22clinsig%20likely%20pathogenic%22%5BProperties%5D%29,https://gnomad.broadinstitute.org/gene/ENSG00000140263,https://panelapp.genomicsengland.co.uk/panels/846/gene/SORD/,https://search.clinicalgenome.org/kb/gene-validity/CGGV:assertion_aac3d58a-b916-4b71-819f-ba4ef1de18d2-2023-04-13T160000.000Z,Definitive,"Charcot-Marie-Tooth disease",MONDO:0015626,,,,1,"Polyol dehydrogenase that catalyzes the reversible NAD(+)-dependent oxidation of various sugar alcohols. Is mostly active with D-sorbitol (D-glucitol), L-threitol, xylitol and ribitol as substrates, leading to the C2-oxidized products D-fructose, L-erythrulose, D-xylulose, and D-ribulose, respectively. Is a key enzyme in the polyol pathway that interconverts glucose and fructose via sorbitol, which constitutes an important alternate route for glucose metabolism. The polyol pathway is believed to be involved in the etiology of diabetic complications, such as diabetic neuropathy and retinopathy, induced by hyperglycemia. May play a role in sperm motility by using sorbitol as an alternative energy source for sperm motility. May have a more general function in the metabolism of secondary alcohols since it also catalyzes the stereospecific oxidation of (2R,3R)-2,3-butanediol. To a lesser extent, can also oxidize L-arabinitol, galactitol and D-mannitol and glycerol in vitro. Oxidizes neither ethanol nor other primary alcohols. Cannot use NADP(+) as the electron acceptor",CMT-SORD,"Unclassified Subtypes","autosomal recessive",2020,618912,https://doi.org/10.1038/s41588-020-0615-4,"Biallelic Mutations in SORD Cause a Common and Potentially Treatable Hereditary Neuropathy with Implications for Diabetes."
SPAST,spastin,,1,0,2p22.3,,Candidate,2024,HGNC:11233,ENSG00000021574,6683,604277,Q9UBP0,NM_199436,NM_014946.4,ENST00000315285.9,chr2:32063525-32157637,chr2:32288680-32382706,,https://www.ncbi.nlm.nih.gov/clinvar/?term=SPAST%5Bgene%5D%20AND%20%28%22clinsig%20pathogenic%22%5BProperties%5D%20OR%20%22clinsig%20likely%20pathogenic%22%5BProperties%5D%29,https://gnomad.broadinstitute.org/gene/ENSG00000021574,https://panelapp.genomicsengland.co.uk/panels/846/gene/SPAST/,,,,,https://dosage.clinicalgenome.org/clingen_gene.cgi?sym=SPAST,3,,0,"ATP-dependent microtubule severing protein that specifically recognizes and cuts microtubules that are polyglutamylated. Preferentially recognizes and acts on microtubules decorated with short polyglutamate tails: severing activity increases as the number of glutamates per tubulin rises from one to eight, but decreases beyond this glutamylation threshold. Severing activity is not dependent on tubulin acetylation or detyrosination. Microtubule severing promotes reorganization of cellular microtubule arrays and the release of microtubules from the centrosome following nucleation. It is critical for the biogenesis and maintenance of complex microtubule arrays in axons, spindles and cilia. SPAST is involved in abscission step of cytokinesis and nuclear envelope reassembly during anaphase in cooperation with the ESCRT-III complex. Recruited at the midbody, probably by IST1, and participates in membrane fission during abscission together with the ESCRT-III complex. Recruited to the nuclear membrane by IST1 and mediates microtubule severing, promoting nuclear envelope sealing and mitotic spindle disassembly during late anaphase. Required for membrane traffic from the endoplasmic reticulum (ER) to the Golgi and endosome recycling. Recruited by IST1 to endosomes and regulates early endosomal tubulation and recycling by mediating microtubule severing. Probably plays a role in axon growth and the formation of axonal branches",SPAST,Candidate,,2024,,,
SPG11,"SPG11 vesicle trafficking associated, spatacsin","ALS5; KIAA1840",0,0,15q21.1,AR,CMT2,2015,HGNC:11226,ENSG00000104133,80208,610844,Q96JI7,NM_001160227,NM_025137.4,ENST00000261866.12,chr15:44554436-44663688,chr15:44854894-44955876,,https://www.ncbi.nlm.nih.gov/clinvar/?term=SPG11%5Bgene%5D%20AND%20%28%22clinsig%20pathogenic%22%5BProperties%5D%20OR%20%22clinsig%20likely%20pathogenic%22%5BProperties%5D%29,https://gnomad.broadinstitute.org/gene/ENSG00000104133,https://panelapp.genomicsengland.co.uk/panels/846/gene/SPG11/,,,,,,,,0,"May play a role in neurite plasticity by maintaining cytoskeleton stability and regulating synaptic vesicle transport",CMT2X,CMT2,"autosomal recessive",2015,616668,https://doi.org/10.1093/brain/awv320,"ALS5/SPG11/KIAA1840 Mutations Cause Autosomal Recessive Axonal Charcot-Marie-Tooth Disease"
SPTBN4,"spectrin beta, non-erythrocytic 4",,1,0,19q13.2,,Candidate,2025,HGNC:14896,ENSG00000160460,57731,606214,Q9H254,NM_020971,NM_020971.3,ENST00000598249.6,chr19:40466241-40576464,chr19:40972148-41082370,,https://www.ncbi.nlm.nih.gov/clinvar/?term=SPTBN4%5Bgene%5D%20AND%20%28%22clinsig%20pathogenic%22%5BProperties%5D%20OR%20%22clinsig%20likely%20pathogenic%22%5BProperties%5D%29,https://gnomad.broadinstitute.org/gene/ENSG00000160460,https://panelapp.genomicsengland.co.uk/panels/846/gene/SPTBN4/,,,,,,,,0,,SPTBN4,Candidate,,2025,,,
SPTLC1,"serine palmitoyltransferase long chain base subunit 1",,0,0,9q22.31,AD,HSAN|HSN,2001,HGNC:11277,ENSG00000090054,10558,605712,O15269,NM_006415,NM_006415.4,ENST00000262554.7,chr9:92000087-92115491,chr9:94794281-94877666,https://search.clinicalgenome.org/CCID:009254,https://www.ncbi.nlm.nih.gov/clinvar/?term=SPTLC1%5Bgene%5D%20AND%20%28%22clinsig%20pathogenic%22%5BProperties%5D%20OR%20%22clinsig%20likely%20pathogenic%22%5BProperties%5D%29,https://gnomad.broadinstitute.org/gene/ENSG00000090054,https://panelapp.genomicsengland.co.uk/panels/846/gene/SPTLC1/,https://search.clinicalgenome.org/kb/gene-validity/CGGV:assertion_609b735b-4782-47dc-ac38-f689671ccdac-2026-03-31T160000.000Z,Definitive,"neuropathy, hereditary sensory and autonomic, type 1A",MONDO:0008086,,,,0,"Component of the serine palmitoyltransferase multisubunit enzyme (SPT) that catalyzes the initial and rate-limiting step in sphingolipid biosynthesis by condensing L-serine and activated acyl-CoA (most commonly palmitoyl-CoA) to form long-chain bases. The SPT complex is also composed of SPTLC2 or SPTLC3 and SPTSSA or SPTSSB. Within this complex, the heterodimer with SPTLC2 or SPTLC3 forms the catalytic core. The composition of the serine palmitoyltransferase (SPT) complex determines the substrate preference. The SPTLC1-SPTLC2-SPTSSA complex shows a strong preference for C16-CoA substrate, while the SPTLC1-SPTLC3-SPTSSA isozyme uses both C14-CoA and C16-CoA as substrates, with a slight preference for C14-CoA. The SPTLC1-SPTLC2-SPTSSB complex shows a strong preference for C18-CoA substrate, while the SPTLC1-SPTLC3-SPTSSB isozyme displays an ability to use a broader range of acyl-CoAs, without apparent preference. Required for adipocyte cell viability and metabolic homeostasis (By similarity)",HSAN-1A,HSAN,"autosomal dominant",2001,162400,https://doi.org/10.1038/85879,"Mutations in SPTLC1, Encoding Serine Palmitoyltransferase, Long Chain Base Subunit-1, Cause Hereditary Sensory Neuropathy Type I"
SPTLC1,"serine palmitoyltransferase long chain base subunit 1",,0,0,9q22.31,AD,HSAN|HSN,2001,HGNC:11277,ENSG00000090054,10558,605712,O15269,NM_006415,NM_006415.4,ENST00000262554.7,chr9:92000087-92115491,chr9:94794281-94877666,https://search.clinicalgenome.org/CCID:009254,https://www.ncbi.nlm.nih.gov/clinvar/?term=SPTLC1%5Bgene%5D%20AND%20%28%22clinsig%20pathogenic%22%5BProperties%5D%20OR%20%22clinsig%20likely%20pathogenic%22%5BProperties%5D%29,https://gnomad.broadinstitute.org/gene/ENSG00000090054,https://panelapp.genomicsengland.co.uk/panels/846/gene/SPTLC1/,https://search.clinicalgenome.org/kb/gene-validity/CGGV:assertion_609b735b-4782-47dc-ac38-f689671ccdac-2026-03-31T160000.000Z,Definitive,"neuropathy, hereditary sensory and autonomic, type 1A",MONDO:0008086,,,,0,"Component of the serine palmitoyltransferase multisubunit enzyme (SPT) that catalyzes the initial and rate-limiting step in sphingolipid biosynthesis by condensing L-serine and activated acyl-CoA (most commonly palmitoyl-CoA) to form long-chain bases. The SPT complex is also composed of SPTLC2 or SPTLC3 and SPTSSA or SPTSSB. Within this complex, the heterodimer with SPTLC2 or SPTLC3 forms the catalytic core. The composition of the serine palmitoyltransferase (SPT) complex determines the substrate preference. The SPTLC1-SPTLC2-SPTSSA complex shows a strong preference for C16-CoA substrate, while the SPTLC1-SPTLC3-SPTSSA isozyme uses both C14-CoA and C16-CoA as substrates, with a slight preference for C14-CoA. The SPTLC1-SPTLC2-SPTSSB complex shows a strong preference for C18-CoA substrate, while the SPTLC1-SPTLC3-SPTSSB isozyme displays an ability to use a broader range of acyl-CoAs, without apparent preference. Required for adipocyte cell viability and metabolic homeostasis (By similarity)",HSN-1A,HSN,"autosomal dominant",2001,162400,https://doi.org/10.1038/85879,"Mutations in SPTLC1, encoding serine palmitoyltransferase, long chain base subunit-1, cause hereditary sensory neuropathy type I"
SPTLC2,"serine palmitoyltransferase long chain base subunit 2",,0,0,14q24.3,AD,HSAN|HSN,2010,HGNC:11278,ENSG00000100596,9517,605713,O15270,NM_004863,NM_004863.4,ENST00000216484.7,chr14:77505997-77616781,chr14:77972340-78083116,https://search.clinicalgenome.org/CCID:006270,https://www.ncbi.nlm.nih.gov/clinvar/?term=SPTLC2%5Bgene%5D%20AND%20%28%22clinsig%20pathogenic%22%5BProperties%5D%20OR%20%22clinsig%20likely%20pathogenic%22%5BProperties%5D%29,https://gnomad.broadinstitute.org/gene/ENSG00000100596,https://panelapp.genomicsengland.co.uk/panels/846/gene/SPTLC2/,https://search.clinicalgenome.org/kb/gene-validity/CGGV:assertion_2294e1cf-3aad-471e-a360-9f6f8c3b4d8f-2023-01-10T170000.000Z,Definitive,"neuropathy, hereditary sensory and autonomic, type 1C",MONDO:0013337,,,,0,"Component of the serine palmitoyltransferase multisubunit enzyme (SPT) that catalyzes the initial and rate-limiting step in sphingolipid biosynthesis by condensing L-serine and activated acyl-CoA (most commonly palmitoyl-CoA) to form long-chain bases. The SPT complex is composed of SPTLC1, SPTLC2 or SPTLC3 and SPTSSA or SPTSSB. Within this complex, the heterodimer consisting of SPTLC1 and SPTLC2/SPTLC3 forms the catalytic core. The composition of the serine palmitoyltransferase (SPT) complex determines the substrate preference. The SPTLC1-SPTLC2-SPTSSA complex shows a strong preference for C16-CoA substrate, while the SPTLC1-SPTLC3-SPTSSA isozyme uses both C14-CoA and C16-CoA as substrates, with a slight preference for C14-CoA. The SPTLC1-SPTLC2-SPTSSB complex shows a strong preference for C18-CoA substrate, while the SPTLC1-SPTLC3-SPTSSB isozyme displays an ability to use a broader range of acyl-CoAs, without apparent preference. Crucial for adipogenesis (By similarity)",HSAN-1C,HSAN,"autosomal dominant",2010,613640,https://doi.org/10.1016/j.ajhg.2010.09.010,"Mutations in the SPTLC2 Subunit of Serine Palmitoyltransferase Cause Hereditary Sensory and Autonomic Neuropathy Type I"
SPTLC2,"serine palmitoyltransferase long chain base subunit 2",,0,0,14q24.3,AD,HSAN|HSN,2010,HGNC:11278,ENSG00000100596,9517,605713,O15270,NM_004863,NM_004863.4,ENST00000216484.7,chr14:77505997-77616781,chr14:77972340-78083116,https://search.clinicalgenome.org/CCID:006270,https://www.ncbi.nlm.nih.gov/clinvar/?term=SPTLC2%5Bgene%5D%20AND%20%28%22clinsig%20pathogenic%22%5BProperties%5D%20OR%20%22clinsig%20likely%20pathogenic%22%5BProperties%5D%29,https://gnomad.broadinstitute.org/gene/ENSG00000100596,https://panelapp.genomicsengland.co.uk/panels/846/gene/SPTLC2/,https://search.clinicalgenome.org/kb/gene-validity/CGGV:assertion_2294e1cf-3aad-471e-a360-9f6f8c3b4d8f-2023-01-10T170000.000Z,Definitive,"neuropathy, hereditary sensory and autonomic, type 1C",MONDO:0013337,,,,0,"Component of the serine palmitoyltransferase multisubunit enzyme (SPT) that catalyzes the initial and rate-limiting step in sphingolipid biosynthesis by condensing L-serine and activated acyl-CoA (most commonly palmitoyl-CoA) to form long-chain bases. The SPT complex is composed of SPTLC1, SPTLC2 or SPTLC3 and SPTSSA or SPTSSB. Within this complex, the heterodimer consisting of SPTLC1 and SPTLC2/SPTLC3 forms the catalytic core. The composition of the serine palmitoyltransferase (SPT) complex determines the substrate preference. The SPTLC1-SPTLC2-SPTSSA complex shows a strong preference for C16-CoA substrate, while the SPTLC1-SPTLC3-SPTSSA isozyme uses both C14-CoA and C16-CoA as substrates, with a slight preference for C14-CoA. The SPTLC1-SPTLC2-SPTSSB complex shows a strong preference for C18-CoA substrate, while the SPTLC1-SPTLC3-SPTSSB isozyme displays an ability to use a broader range of acyl-CoAs, without apparent preference. Crucial for adipogenesis (By similarity)",HSN-1C,HSN,"autosomal dominant",2010,613640,https://doi.org/10.1016/j.ajhg.2010.09.010,"Mutations in the SPTLC2 subunit of serine palmitoyltransferase cause hereditary sensory and autonomic neuropathy type I"
SURF1,"SURF1 cytochrome c oxidase assembly factor",SHY1,0,0,9q34.2,AR,CMT4,2013,HGNC:11474,ENSG00000148290,6834,185620,Q15526,NM_003172,NM_003172.4,ENST00000371974.8,chr9:133351069-133356676,chr9:136218610-136223552,,https://www.ncbi.nlm.nih.gov/clinvar/?term=SURF1%5Bgene%5D%20AND%20%28%22clinsig%20pathogenic%22%5BProperties%5D%20OR%20%22clinsig%20likely%20pathogenic%22%5BProperties%5D%29,https://gnomad.broadinstitute.org/gene/ENSG00000148290,https://panelapp.genomicsengland.co.uk/panels/846/gene/SURF1/,,,,,,,,0,"Component of the MITRAC (mitochondrial translation regulation assembly intermediate of cytochrome c oxidase complex) complex, that regulates cytochrome c oxidase assembly",CMT4K,CMT4,"autosomal recessive",2013,616684,https://doi.org/10.1212/WNL.0b013e3182a4a518,"SURF1 Deficiency Causes Demyelinating Charcot-Marie-Tooth Disease"
SYT2,"synaptotagmin 2",,0,0,1q32.1,AD,"Unclassified Subtypes",2014,HGNC:11510,ENSG00000143858,127833,600104,Q8N9I0,NM_177402,NM_177402.5,ENST00000367268.5,chr1:202590596-202710526,chr1:202559724-202679545,https://search.clinicalgenome.org/CCID:006308,https://www.ncbi.nlm.nih.gov/clinvar/?term=SYT2%5Bgene%5D%20AND%20%28%22clinsig%20pathogenic%22%5BProperties%5D%20OR%20%22clinsig%20likely%20pathogenic%22%5BProperties%5D%29,https://gnomad.broadinstitute.org/gene/ENSG00000143858,https://panelapp.genomicsengland.co.uk/panels/846/gene/SYT2/,https://search.clinicalgenome.org/kb/gene-validity/CGGV:assertion_ff8871e1-5eed-4414-8137-432d57f328d1-2023-07-12T160000.000Z,Moderate,"congenital myasthenic syndrome 7",MONDO:0014468,,,,1,"Exhibits calcium-dependent phospholipid and inositol polyphosphate binding properties (By similarity). May have a regulatory role in the membrane interactions during trafficking of synaptic vesicles at the active zone of the synapse (By similarity). Plays a role in dendrite formation by melanocytes",CMT-SYT2,"Unclassified Subtypes","autosomal dominant",2014,,https://doi.org/10.10CHCHD1016/j.ajhg.2014.08.007,"Synaptotagmin 2 Mutations Cause an Autosomal-Dominant Form of Lambert-Eaton Myasthenic Syndrome and Nonprogressive Motor Neuropathy"
TECPR2,"tectonin beta-propeller repeat containing 2",KIAA0329,0,0,14q32.33,AR,HSAN,2021,HGNC:19957,ENSG00000196663,9895,615000,O15040,NM_014844,NM_014844.5,ENST00000359520.12,chr14:102362933-102502477,chr14:102829300-102968818,,https://www.ncbi.nlm.nih.gov/clinvar/?term=TECPR2%5Bgene%5D%20AND%20%28%22clinsig%20pathogenic%22%5BProperties%5D%20OR%20%22clinsig%20likely%20pathogenic%22%5BProperties%5D%29,https://gnomad.broadinstitute.org/gene/ENSG00000196663,https://panelapp.genomicsengland.co.uk/panels/846/gene/TECPR2/,,,,,,,,0,"Probably plays a role as positive regulator of autophagy",HSAN-9,HSAN,"autosomal recessive",2021,615031,https://doi.org/10.1002/humu.24206,"Clinical, Neuroimaging, and Molecular Spectrum of TECPR2-Associated Hereditary Sensory and Autonomic Neuropathy with Intellectual Disability"
TFG,"trafficking from ER to golgi regulator",,0,0,3q12.2,AD,HMSN,2012,HGNC:11758,ENSG00000114354,10342,602498,Q92734,NM_006070,NM_006070.6,ENST00000240851.9,chr3:100709295-100793279,chr3:100428205-100467810,,https://www.ncbi.nlm.nih.gov/clinvar/?term=TFG%5Bgene%5D%20AND%20%28%22clinsig%20pathogenic%22%5BProperties%5D%20OR%20%22clinsig%20likely%20pathogenic%22%5BProperties%5D%29,https://gnomad.broadinstitute.org/gene/ENSG00000114354,https://panelapp.genomicsengland.co.uk/panels/846/gene/TFG/,,,,,,,,0,"Plays a role in the normal dynamic function of the endoplasmic reticulum (ER) and its associated microtubules. Required for secretory cargo traffic from the endoplasmic reticulum to the Golgi apparatus","HMSN-Okinawa Type",HMSN,"autosomal dominant",2012,604484,https://doi.org/10.1016/j.ajhg.2012.07.014,"The TRK-Fused Gene is Mutated in Hereditary Motor and Sensory Neuropathy with Proximal Dominant Involvement"
TRIM2,"tripartite motif containing 2","KIAA0517; RNF86",0,0,4q31.3,AR,CMT2,2013,HGNC:15974,ENSG00000109654,23321,614141,Q9C040,NM_001130067,NM_015271.5,ENST00000338700.10,chr4:153152163-153339319,chr4:154073494-154260472,,https://www.ncbi.nlm.nih.gov/clinvar/?term=TRIM2%5Bgene%5D%20AND%20%28%22clinsig%20pathogenic%22%5BProperties%5D%20OR%20%22clinsig%20likely%20pathogenic%22%5BProperties%5D%29,https://gnomad.broadinstitute.org/gene/ENSG00000109654,https://panelapp.genomicsengland.co.uk/panels/846/gene/TRIM2/,,,,,,,,0,"UBE2D1-dependent E3 ubiquitin-protein ligase that mediates the ubiquitination of NEFL and of phosphorylated BCL2L11. Plays a neuroprotective function. May play a role in neuronal rapid ischemic tolerance. Plays a role in antiviral immunity and limits New World arenavirus infection independently of its ubiquitin ligase activity",CMT2R,CMT2,"autosomal recessive",2013,615490,https://doi.org/10.1093/hmg/ddt149,"Deficiency of the E3 Ubiquitin Ligase TRIM2 in Early-Onset Axonal Neuropathy"
TRPV4,"transient receptor potential cation channel subfamily V member 4","OTRPC4; TRP12",0,0,12q24.11,AD|AR,CMT2|dHMN/HMN,2010,HGNC:18083,ENSG00000111199,59341,605427,Q9HBA0,NM_021625,NM_021625.5,ENST00000261740.7,chr12:109783087-109833542,chr12:110220890-110271212,https://search.clinicalgenome.org/CCID:006453,https://www.ncbi.nlm.nih.gov/clinvar/?term=TRPV4%5Bgene%5D%20AND%20%28%22clinsig%20pathogenic%22%5BProperties%5D%20OR%20%22clinsig%20likely%20pathogenic%22%5BProperties%5D%29,https://gnomad.broadinstitute.org/gene/ENSG00000111199,https://panelapp.genomicsengland.co.uk/panels/846/gene/TRPV4/,https://search.clinicalgenome.org/kb/gene-validity/CGGV:assertion_b89b03c3-24c7-4424-989c-abd65eb2b7ec-2021-12-14T145310.482Z,Definitive,"neuromuscular disease",MONDO:0019056,,,,0,"Non-selective calcium permeant cation channel involved in osmotic sensitivity and mechanosensitivity. Activation by exposure to hypotonicity within the physiological range exhibits an outward rectification. Also activated by heat, low pH, citrate and phorbol esters. Increase of intracellular Ca(2+) potentiates currents. Channel activity seems to be regulated by a calmodulin-dependent mechanism with a negative feedback mechanism. Promotes cell-cell junction formation in skin keratinocytes and plays an important role in the formation and/or maintenance of functional intercellular barriers (By similarity). Acts as a regulator of intracellular Ca(2+) in synoviocytes. Plays an obligatory role as a molecular component in the nonselective cation channel activation induced by 4-alpha-phorbol 12,13-didecanoate and hypotonic stimulation in synoviocytes and also regulates production of IL-8. Together with PKD2, forms mechano- and thermosensitive channels in cilium. Negatively regulates expression of PPARGC1A, UCP1, oxidative metabolism and respiration in adipocytes (By similarity). Regulates expression of chemokines and cytokines related to pro-inflammatory pathway in adipocytes (By similarity). Together with AQP5, controls regulatory volume decrease in salivary epithelial cells (By similarity). Required for normal development and maintenance of bone and cartilage. In its inactive state, may sequester DDX3X at the plasma membrane. When activated, the interaction between both proteins is affected and DDX3X relocalizes to the nucleus. In neurons of the central nervous system, could play a role in triggering voluntary water intake in response to increased sodium concentration in body fluid (By similarity)",CMT2C,CMT2,"autosomal dominant or autosomal recessive",2010,606071,https://doi.org/10.1038/ng.512,"Mutations in TRPV4 cause Charcot-Marie-Tooth disease type 2C"
TRPV4,"transient receptor potential cation channel subfamily V member 4","OTRPC4; TRP12",0,0,12q24.11,AD|AR,CMT2|dHMN/HMN,2010,HGNC:18083,ENSG00000111199,59341,605427,Q9HBA0,NM_021625,NM_021625.5,ENST00000261740.7,chr12:109783087-109833542,chr12:110220890-110271212,https://search.clinicalgenome.org/CCID:006453,https://www.ncbi.nlm.nih.gov/clinvar/?term=TRPV4%5Bgene%5D%20AND%20%28%22clinsig%20pathogenic%22%5BProperties%5D%20OR%20%22clinsig%20likely%20pathogenic%22%5BProperties%5D%29,https://gnomad.broadinstitute.org/gene/ENSG00000111199,https://panelapp.genomicsengland.co.uk/panels/846/gene/TRPV4/,https://search.clinicalgenome.org/kb/gene-validity/CGGV:assertion_b89b03c3-24c7-4424-989c-abd65eb2b7ec-2021-12-14T145310.482Z,Definitive,"neuromuscular disease",MONDO:0019056,,,,0,"Non-selective calcium permeant cation channel involved in osmotic sensitivity and mechanosensitivity. Activation by exposure to hypotonicity within the physiological range exhibits an outward rectification. Also activated by heat, low pH, citrate and phorbol esters. Increase of intracellular Ca(2+) potentiates currents. Channel activity seems to be regulated by a calmodulin-dependent mechanism with a negative feedback mechanism. Promotes cell-cell junction formation in skin keratinocytes and plays an important role in the formation and/or maintenance of functional intercellular barriers (By similarity). Acts as a regulator of intracellular Ca(2+) in synoviocytes. Plays an obligatory role as a molecular component in the nonselective cation channel activation induced by 4-alpha-phorbol 12,13-didecanoate and hypotonic stimulation in synoviocytes and also regulates production of IL-8. Together with PKD2, forms mechano- and thermosensitive channels in cilium. Negatively regulates expression of PPARGC1A, UCP1, oxidative metabolism and respiration in adipocytes (By similarity). Regulates expression of chemokines and cytokines related to pro-inflammatory pathway in adipocytes (By similarity). Together with AQP5, controls regulatory volume decrease in salivary epithelial cells (By similarity). Required for normal development and maintenance of bone and cartilage. In its inactive state, may sequester DDX3X at the plasma membrane. When activated, the interaction between both proteins is affected and DDX3X relocalizes to the nucleus. In neurons of the central nervous system, could play a role in triggering voluntary water intake in response to increased sodium concentration in body fluid (By similarity)",dHMN-8,dHMN/HMN,"autosomal dominant",2010,600175,https://doi.org/10.1038/ng.508,"Alterations in the Ankyrin Domain of TRPV4 Cause Congenital Distal SMA, Capuloperoneal SMA and HMSN2C"
TUBB3,"tubulin beta 3 class III",,0,0,16q24.3,AD,"Unclassified Subtypes",2010,HGNC:20772,ENSG00000258947,10381,602661,Q13509,NM_006086,NM_006086.4,ENST00000315491.12,chr16:89921392-89938761,chr16:89985573-90002500,,https://www.ncbi.nlm.nih.gov/clinvar/?term=TUBB3%5Bgene%5D%20AND%20%28%22clinsig%20pathogenic%22%5BProperties%5D%20OR%20%22clinsig%20likely%20pathogenic%22%5BProperties%5D%29,https://gnomad.broadinstitute.org/gene/ENSG00000258947,https://panelapp.genomicsengland.co.uk/panels/846/gene/TUBB3/,,,,,,,,0,"Tubulin is the major constituent of microtubules, protein filaments consisting of alpha- and beta-tubulin heterodimers. Microtubules grow by the addition of GTP-tubulin dimers to the microtubule end, where a stabilizing cap forms. Below the cap, alpha-beta tubulin heterodimers are in GDP-bound state, owing to GTPase activity of alpha-tubulin. TUBB3 plays a critical role in proper axon guidance and maintenance. Binding of NTN1/Netrin-1 to its receptor UNC5C might cause dissociation of UNC5C from polymerized TUBB3 in microtubules and thereby lead to increased microtubule dynamics and axon repulsion. Plays a role in dorsal root ganglion axon projection towards the spinal cord",CMT-TUBB3,"Unclassified Subtypes","autosomal dominant",2010,,https://doi.org/10.1016/j.cell.2009.12.011,"Human TUBB3 Mutations Perturb Microtubule Dynamics, Kinesin Interactions, and Axon Guidance"
UBA1,"ubiquitin like modifier activating enzyme 1","GXP1; UBE1",0,0,Xp11.3,XLR,dSMA,2008,HGNC:12469,ENSG00000130985,7317,314370,P22314,NM_003334,NM_003334.4,ENST00000335972.11,chrX:47190713-47215173,chrX:47050260-47074527,,https://www.ncbi.nlm.nih.gov/clinvar/?term=UBA1%5Bgene%5D%20AND%20%28%22clinsig%20pathogenic%22%5BProperties%5D%20OR%20%22clinsig%20likely%20pathogenic%22%5BProperties%5D%29,https://gnomad.broadinstitute.org/gene/ENSG00000130985,https://panelapp.genomicsengland.co.uk/panels/846/gene/UBA1/,,,,,,,,0,"Catalyzes the first step in ubiquitin conjugation to mark cellular proteins for degradation through the ubiquitin-proteasome system. Activates ubiquitin by first adenylating its C-terminal glycine residue with ATP, and thereafter linking this residue to the side chain of a cysteine residue in E1, yielding a ubiquitin-E1 thioester and free AMP. Essential for the formation of radiation-induced foci, timely DNA repair and for response to replication stress. Promotes the recruitment of TP53BP1 and BRCA1 at DNA damage sites",dSMAX-2,dSMA,"X-linked recessive",2008,301830,https://doi.org/10.1016/j.ajhg.2007.09.009,"Rare Missense and Synonymous Variants in UBE1 are Associated with X-Linked Infantile Spinal Muscular Atrophy"
UBE3C,"ubiquitin protein ligase E3C",KIAA0010,0,0,7q36.3,AD,dHMN/HMN,2023,HGNC:16803,ENSG00000009335,9690,614454,Q15386,NM_014671,NM_014671.3,ENST00000348165.10,chr7:157138908-157269372,chr7:156931607-157062066,,https://www.ncbi.nlm.nih.gov/clinvar/?term=UBE3C%5Bgene%5D%20AND%20%28%22clinsig%20pathogenic%22%5BProperties%5D%20OR%20%22clinsig%20likely%20pathogenic%22%5BProperties%5D%29,https://gnomad.broadinstitute.org/gene/ENSG00000009335,,,,,,,,,0,"E3 ubiquitin-protein ligase that specifically catalyzes 'Lys-29'- and 'Lys-48'-linked polyubiquitin chains. Accepts ubiquitin from the E2 ubiquitin-conjugating enzyme UBE2D1 in the form of a thioester and then directly transfers the ubiquitin to targeted substrates. Associates with the proteasome and promotes elongation of ubiquitin chains on substrates bound to the 26S proteasome. Also catalyzes 'Lys-29'- and 'Lys-48'-linked ubiquitination of 26S proteasome subunit ADRM1/RPN13 in response to proteotoxic stress, impairing the ability of the proteasome to bind and degrade ubiquitin-conjugated proteins. Acts as a negative regulator of autophagy by mediating 'Lys-29'- and 'Lys-48'-linked ubiquitination of PIK3C3/VPS34, promoting its degradation. Can assemble unanchored poly-ubiquitin chains in either 'Lys-29'- or 'Lys-48'-linked polyubiquitin chains; with some preference for 'Lys-48' linkages. Acts as a negative regulator of type I interferon by mediating 'Lys-48'-linked ubiquitination of IRF3 and IRF7, leading to their degradation by the proteasome. Catalyzes ubiquitination and degradation of CAND2",dHMN1-UBE3C,dHMN/HMN,"autosomal dominant",2023,,https://doi.org/10.1093/brain/awac424,"Novel Gene-Intergenic Fusion Involving Ubiquitin E3 Ligase UBE3C Causes Distal Hereditary Motor Neuropathy"
VCP,"valosin containing protein","IBMPFD; p97; CDC48; TERA",0,0,9p13.3,AD,CMT2,2014,HGNC:12666,ENSG00000165280,7415,601023,P55072,NM_007126,NM_007126.5,ENST00000358901.11,chr9:35053928-35072725,chr9:35056061-35073246,,https://www.ncbi.nlm.nih.gov/clinvar/?term=VCP%5Bgene%5D%20AND%20%28%22clinsig%20pathogenic%22%5BProperties%5D%20OR%20%22clinsig%20likely%20pathogenic%22%5BProperties%5D%29,https://gnomad.broadinstitute.org/gene/ENSG00000165280,https://panelapp.genomicsengland.co.uk/panels/846/gene/VCP/,,,,,,,,1,"Necessary for the fragmentation of Golgi stacks during mitosis and for their reassembly after mitosis. Involved in the formation of the transitional endoplasmic reticulum (tER). The transfer of membranes from the endoplasmic reticulum to the Golgi apparatus occurs via 50-70 nm transition vesicles which derive from part-rough, part-smooth transitional elements of the endoplasmic reticulum (tER). Vesicle budding from the tER is an ATP-dependent process. The ternary complex containing UFD1, VCP and NPLOC4 binds ubiquitinated proteins and is necessary for the export of misfolded proteins from the ER to the cytoplasm, where they are degraded by the proteasome. The NPLOC4-UFD1-VCP complex regulates spindle disassembly at the end of mitosis and is necessary for the formation of a closed nuclear envelope. Regulates E3 ubiquitin-protein ligase activity of RNF19A. Component of the VCP/p97-AMFR/gp78 complex that participates in the final step of the sterol-mediated ubiquitination and endoplasmic reticulum-associated degradation (ERAD) of HMGCR. Mediates the endoplasmic reticulum-associated degradation of CHRNA3 in cortical neurons as part of the STUB1-VCP-UBXN2A complex. Involved in endoplasmic reticulum stress-induced pre-emptive quality control, a mechanism that selectively attenuates the translocation of newly synthesized proteins into the endoplasmic reticulum and reroutes them to the cytosol for proteasomal degradation. Involved in clearance process by mediating G3BP1 extraction from stress granules. Also involved in DNA damage response: recruited to double-strand breaks (DSBs) sites in a RNF8- and RNF168-dependent manner and promotes the recruitment of TP53BP1 at DNA damage sites. Recruited to stalled replication forks by SPRTN: may act by mediating extraction of DNA polymerase eta (POLH) to prevent excessive translesion DNA synthesis and limit the incidence of mutations induced by DNA damage. Together with SPRTN metalloprotease, involved in the repair of covalent DNA-protein cross-links (DPCs) during DNA synthesis. Involved in interstrand cross-link repair in response to replication stress by mediating unloading of the ubiquitinated CMG helicase complex (By similarity). Mediates extraction of PARP1 trapped to chromatin: recognizes and binds ubiquitinated PARP1 and promotes its removal. Required for cytoplasmic retrotranslocation of stressed/damaged mitochondrial outer-membrane proteins and their subsequent proteasomal degradation. Essential for the maturation of ubiquitin-containing autophagosomes and the clearance of ubiquitinated protein by autophagy. Acts as a negative regulator of type I interferon production by interacting with RIGI: interaction takes place when RIGI is ubiquitinated via 'Lys-63'-linked ubiquitin on its CARD domains, leading to recruit RNF125 and promote ubiquitination and degradation of RIGI. May play a role in the ubiquitin-dependent sorting of membrane proteins to lysosomes where they undergo degradation. May more particularly play a role in caveolins sorting in cells. By controlling the steady-state expression of the IGF1R receptor, indirectly regulates the insulin-like growth factor receptor signaling pathway",CMT2Y,CMT2,"autosomal dominant",2014,616687,https://doi.org/10.1093/brain/awu224,"A Novel Mutation in VCP Causes Charcot-Marie-Tooth Type 2 Disease"
VRK1,"VRK serine/threonine kinase 1",,0,0,14q32.2,AR,dSMA,2016,HGNC:12718,ENSG00000100749,7443,602168,Q99986,NM_003384,NM_003384.3,ENST00000216639.8,chr14:96797304-96954846,chr14:97263641-97398059,,https://www.ncbi.nlm.nih.gov/clinvar/?term=VRK1%5Bgene%5D%20AND%20%28%22clinsig%20pathogenic%22%5BProperties%5D%20OR%20%22clinsig%20likely%20pathogenic%22%5BProperties%5D%29,https://gnomad.broadinstitute.org/gene/ENSG00000100749,https://panelapp.genomicsengland.co.uk/panels/846/gene/VRK1/,,,,,,,,0,"Serine/threonine kinase involved in the regulation of key cellular processes including the cell cycle, nuclear condensation, transcription regulation, and DNA damage response. Controls chromatin organization and remodeling by mediating phosphorylation of histone H3 on 'Thr-4' and histone H2AX (H2aXT4ph). It also phosphorylates KAT5 in response to DNA damage, promoting KAT5 association with chromatin and histone acetyltransferase activity. Is involved in the regulation of cell cycle progression of neural progenitors, and is required for proper cortical neuronal migration (By similarity). Is involved in neurite elongation and branching in motor neurons, and has an essential role in Cajal bodies assembly, acting through COIL phosphorylation and the control of coilin degradation. Involved in Golgi disassembly during the cell cycle: following phosphorylation by PLK3 during mitosis, it is required to induce Golgi fragmentation. Phosphorylates BANF1: disrupts its ability to bind DNA, reduces its binding to LEM domain-containing proteins and causes its relocalization from the nucleus to the cytoplasm. Phosphorylates TP53BP1 and p53/TP53 on 'Thr-18', preventing the interaction between p53/TP53 and MDM2. Phosphorylates ATF2 which activates its transcriptional activity. Phosphorylates JUN",dSMA,dSMA,"autosomal recessive",2016,,https://doi.org/10.1212/WNL.0000000000002813,"Novel Motor Phenotypes in Patients with VRK1 Mutations without Pontocerebellar Hypoplasia"
VWA1,"von Willebrand factor A domain containing 1",WARP,0,0,1p36.33,AR,dHMN/HMN,2021,HGNC:30910,ENSG00000179403,64856,611901,Q6PCB0,NM_022834,NM_022834.5,ENST00000476993.2,chr1:1434861-1446012,chr1:1370241-1378262,,https://www.ncbi.nlm.nih.gov/clinvar/?term=VWA1%5Bgene%5D%20AND%20%28%22clinsig%20pathogenic%22%5BProperties%5D%20OR%20%22clinsig%20likely%20pathogenic%22%5BProperties%5D%29,https://gnomad.broadinstitute.org/gene/ENSG00000179403,https://panelapp.genomicsengland.co.uk/panels/846/gene/VWA1/,,,,,,,,0,"Promotes matrix assembly (By similarity). Involved in the organization of skeletal muscles and in the formation of neuromuscular junctions (Probable)",dHMN-VWA1,dHMN/HMN,"autosomal recessive",2021,619216,https://doi.org/10.1093/brain/awaa420,"An Ancestral 10-bp Repeat Expansion in VWA1 Causes Recessive Hereditary Motor Neuropathy"
WARS1,"tryptophanyl-tRNA synthetase 1",WARS,0,0,14q32.2,AD,dHMN/HMN,2017,HGNC:12729,ENSG00000140105,7453,191050,P23381,NM_004184,NM_004184.4,ENST00000392882.7,chr14:100333782-100376805,chr14:100800125-100843142,https://search.clinicalgenome.org/CCID:006533,https://www.ncbi.nlm.nih.gov/clinvar/?term=WARS1%5Bgene%5D%20AND%20%28%22clinsig%20pathogenic%22%5BProperties%5D%20OR%20%22clinsig%20likely%20pathogenic%22%5BProperties%5D%29,https://gnomad.broadinstitute.org/gene/ENSG00000140105,https://panelapp.genomicsengland.co.uk/panels/846/gene/WARS/,https://search.clinicalgenome.org/kb/gene-validity/CGGV:assertion_93643521-0988-4c4b-b458-988044cfad6f-2026-08-08T160000.000Z,Limited,"distal hereditary motor neuropathy",MONDO:0018894,,,,1,"Catalyzes the attachment of tryptophan to tRNA(Trp) in a two-step reaction: tryptophan is first activated by ATP to form Trp-AMP and then transferred to the acceptor end of the tRNA(Trp)",dHMN-9,dHMN/HMN,"autosomal dominant",2017,617721,https://doi.org/10.1093/brain/awx058,"A Recurrent WARS Mutation is a Novel Cause of Autosomal Dominant Distal Hereditary Motor Neuropathy. Brain"
WNK1,"WNK lysine deficient protein kinase 1",,0,0,12p13.33,AR,HSAN|HSN,2008,HGNC:14540,ENSG00000060237,65125,605232,Q9H4A3,NM_018979,NM_018979.4,ENST00000315939.11,chr12:752536-911452,chr12:861759-1020618,https://search.clinicalgenome.org/CCID:006554,https://www.ncbi.nlm.nih.gov/clinvar/?term=WNK1%5Bgene%5D%20AND%20%28%22clinsig%20pathogenic%22%5BProperties%5D%20OR%20%22clinsig%20likely%20pathogenic%22%5BProperties%5D%29,https://gnomad.broadinstitute.org/gene/ENSG00000060237,https://panelapp.genomicsengland.co.uk/panels/846/gene/WNK1/,https://search.clinicalgenome.org/kb/gene-validity/CGGV:assertion_28b83a4d-4a0f-4617-bc11-1effb9efe719-2023-05-05T160000.000Z,Definitive,"neuropathy, hereditary sensory and autonomic, type 2A",MONDO:0024309,,,,0,"Serine/threonine-protein kinase component of the WNK1-SPAK/OSR1 kinase cascade, which acts as a key regulator of blood pressure and regulatory volume increase by promoting ion influx. WNK1 mediates regulatory volume increase in response to hyperosmotic stress by acting as a molecular crowding sensor, which senses cell shrinkage and mediates formation of a membraneless compartment by undergoing liquid-liquid phase separation. The membraneless compartment concentrates WNK1 with its substrates, OXSR1/OSR1 and STK39/SPAK, promoting WNK1-dependent phosphorylation and activation of downstream kinases OXSR1/OSR1 and STK39/SPAK. Following activation, OXSR1/OSR1 and STK39/SPAK catalyze phosphorylation of ion cotransporters SLC12A1/NKCC2, SLC12A2/NKCC1, SLC12A5/KCC2 and SLC12A6/KCC3, regulating their activity. Phosphorylation of Na-K-Cl cotransporters SLC12A2/NKCC1 and SLC12A2/NKCC1 promote their activation and ion influx; simultaneously, phosphorylation of K-Cl cotransporters SLC12A5/KCC2 and SLC12A6/KCC3 inhibit their activity, blocking ion efflux. Also acts as a regulator of angiogenesis in endothelial cells via activation of OXSR1/OSR1 and STK39/SPAK: activation of OXSR1/OSR1 regulates chemotaxis and invasion, while STK39/SPAK regulates endothelial cell proliferation. Also acts independently of the WNK1-SPAK/OSR1 kinase cascade by catalyzing phosphorylation of other substrates, such as SYT2, PCF11 and NEDD4L. Mediates phosphorylation of SYT2, regulating SYT2 association with phospholipids and membrane-binding (By similarity). Regulates mRNA export in the nucleus by mediating phosphorylation of PCF11, thereby decreasing the association between PCF11 and POLR2A/RNA polymerase II and promoting mRNA export to the cytoplasm. Acts as a negative regulator of autophagy. Required for the abscission step during mitosis, independently of the WNK1-SPAK/OSR1 kinase cascade. May also play a role in actin cytoskeletal reorganization. Also acts as a scaffold protein independently of its protein kinase activity: negatively regulates cell membrane localization of various transporters and channels, such as SLC4A4, SLC26A6, SLC26A9, TRPV4 and CFTR (By similarity). Involved in the regulation of epithelial Na(+) channel (ENaC) by promoting activation of SGK1 in a kinase-independent manner: probably acts as a scaffold protein that promotes the recruitment of SGK1 to the mTORC2 complex in response to chloride, leading to mTORC2-dependent phosphorylation and activation of SGK1. Acts as an assembly factor for the ER membrane protein complex independently of its protein kinase activity: associates with EMC2 in the cytoplasm via its amphipathic alpha-helix, and prevents EMC2 ubiquitination and subsequent degradation, thereby promoting EMC2 stabilization",HSAN-2A,HSAN,"autosomal recessive",2008,201300,https://doi.org/10.1172/JCI34088,"Mutations in the Nervous System–Specific HSN2 Exon of WNK1 Cause Hereditary Sensory Neuropathy Type II"
WNK1,"WNK lysine deficient protein kinase 1",,0,0,12p13.33,AR,HSAN|HSN,2008,HGNC:14540,ENSG00000060237,65125,605232,Q9H4A3,NM_018979,NM_018979.4,ENST00000315939.11,chr12:752536-911452,chr12:861759-1020618,https://search.clinicalgenome.org/CCID:006554,https://www.ncbi.nlm.nih.gov/clinvar/?term=WNK1%5Bgene%5D%20AND%20%28%22clinsig%20pathogenic%22%5BProperties%5D%20OR%20%22clinsig%20likely%20pathogenic%22%5BProperties%5D%29,https://gnomad.broadinstitute.org/gene/ENSG00000060237,https://panelapp.genomicsengland.co.uk/panels/846/gene/WNK1/,https://search.clinicalgenome.org/kb/gene-validity/CGGV:assertion_28b83a4d-4a0f-4617-bc11-1effb9efe719-2023-05-05T160000.000Z,Definitive,"neuropathy, hereditary sensory and autonomic, type 2A",MONDO:0024309,,,,0,"Serine/threonine-protein kinase component of the WNK1-SPAK/OSR1 kinase cascade, which acts as a key regulator of blood pressure and regulatory volume increase by promoting ion influx. WNK1 mediates regulatory volume increase in response to hyperosmotic stress by acting as a molecular crowding sensor, which senses cell shrinkage and mediates formation of a membraneless compartment by undergoing liquid-liquid phase separation. The membraneless compartment concentrates WNK1 with its substrates, OXSR1/OSR1 and STK39/SPAK, promoting WNK1-dependent phosphorylation and activation of downstream kinases OXSR1/OSR1 and STK39/SPAK. Following activation, OXSR1/OSR1 and STK39/SPAK catalyze phosphorylation of ion cotransporters SLC12A1/NKCC2, SLC12A2/NKCC1, SLC12A5/KCC2 and SLC12A6/KCC3, regulating their activity. Phosphorylation of Na-K-Cl cotransporters SLC12A2/NKCC1 and SLC12A2/NKCC1 promote their activation and ion influx; simultaneously, phosphorylation of K-Cl cotransporters SLC12A5/KCC2 and SLC12A6/KCC3 inhibit their activity, blocking ion efflux. Also acts as a regulator of angiogenesis in endothelial cells via activation of OXSR1/OSR1 and STK39/SPAK: activation of OXSR1/OSR1 regulates chemotaxis and invasion, while STK39/SPAK regulates endothelial cell proliferation. Also acts independently of the WNK1-SPAK/OSR1 kinase cascade by catalyzing phosphorylation of other substrates, such as SYT2, PCF11 and NEDD4L. Mediates phosphorylation of SYT2, regulating SYT2 association with phospholipids and membrane-binding (By similarity). Regulates mRNA export in the nucleus by mediating phosphorylation of PCF11, thereby decreasing the association between PCF11 and POLR2A/RNA polymerase II and promoting mRNA export to the cytoplasm. Acts as a negative regulator of autophagy. Required for the abscission step during mitosis, independently of the WNK1-SPAK/OSR1 kinase cascade. May also play a role in actin cytoskeletal reorganization. Also acts as a scaffold protein independently of its protein kinase activity: negatively regulates cell membrane localization of various transporters and channels, such as SLC4A4, SLC26A6, SLC26A9, TRPV4 and CFTR (By similarity). Involved in the regulation of epithelial Na(+) channel (ENaC) by promoting activation of SGK1 in a kinase-independent manner: probably acts as a scaffold protein that promotes the recruitment of SGK1 to the mTORC2 complex in response to chloride, leading to mTORC2-dependent phosphorylation and activation of SGK1. Acts as an assembly factor for the ER membrane protein complex independently of its protein kinase activity: associates with EMC2 in the cytoplasm via its amphipathic alpha-helix, and prevents EMC2 ubiquitination and subsequent degradation, thereby promoting EMC2 stabilization",HSN-2A,HSN,"autosomal recessive",2008,201300,https://doi.org/10.1172/JCI34088,"Mutations in the nervous system–specific HSN2 exon of WNK1 cause hereditary sensory neuropathy type II"
YARS1,"tyrosyl-tRNA synthetase 1","YTS; YARS; YRS; tyrRS",0,0,1p35.1,AD,CMTDI,2006,HGNC:12840,ENSG00000134684,8565,603623,P54577,NM_003680,NM_003680.4,ENST00000373477.9,chr1:32774776-32818031,chr1:33240840-33283754,https://search.clinicalgenome.org/CCID:006568,https://www.ncbi.nlm.nih.gov/clinvar/?term=YARS1%5Bgene%5D%20AND%20%28%22clinsig%20pathogenic%22%5BProperties%5D%20OR%20%22clinsig%20likely%20pathogenic%22%5BProperties%5D%29,https://gnomad.broadinstitute.org/gene/ENSG00000134684,https://panelapp.genomicsengland.co.uk/panels/846/gene/YARS/,https://search.clinicalgenome.org/kb/gene-validity/CGGV:assertion_9c326f90-be08-4bb3-9593-b2df48f29ca1-2020-04-28T160000.000Z,Definitive,"Charcot-Marie-Tooth disease",MONDO:0015626,,,,0,"Tyrosine--tRNA ligase that catalyzes the attachment of tyrosine to tRNA(Tyr) in a two-step reaction: tyrosine is first activated by ATP to form Tyr-AMP and then transferred to the acceptor end of tRNA(Tyr) (Probable). Also acts as a positive regulator of poly-ADP-ribosylation in the nucleus, independently of its tyrosine--tRNA ligase activity. Activity is switched upon resveratrol-binding: resveratrol strongly inhibits the tyrosine--tRNA ligase activity and promotes relocalization to the nucleus, where YARS1 specifically stimulates the poly-ADP-ribosyltransferase activity of PARP1",CMTDIC,CMTDI,"autosomal dominant",2006,608323,https://doi.org/10.1038/ng1727,"Disrupted Function and Axonal Distribution of Mutant Tyrosyl-tRNA Synthetase in Dominant Intermediate Charcot-Marie-Tooth Neuropathy"
